<desktopflowbinary desktopflowbinaryid="7bc55a66-57f2-4b12-9118-93b6c17aad8a">
  <data mimetype="application/json">ImageRepository_df694102-bdaf-440d-a5ec-11fffb0de922.json</data>
  <iscustomizable>1</iscustomizable>
  <metadata>{}</metadata>
  <mimetype>application/json</mimetype>
  <name>Desktop flow images</name>
  <process>
    <workflowid>2d7e50bc-d7a0-4ece-ba8a-d0c4de1793af</workflowid>
  </process>
  <reference>imageRepo.imgrepo</reference>
  <statecode>0</statecode>
  <statuscode>1</statuscode>
  <type>ImageRepository</type>
</desktopflowbinary>