{
  "ConnectorId": "/providers/Microsoft.PowerApps/apis/shared_teams",
  "Definition": {
    "Id": "/providers/Microsoft.PowerApps/apis/shared_teams",
    "Name": "shared_teams",
    "Properties": {
      "IsCustomApi": false,
      "Swagger": {
        "basePath": "/apim/teams",
        "definitions": {
          "DynamicPostMessageRequest": {
            "additionalProperties": null,
            "x-ms-dynamic-properties": {
              "itemValuePath": "schema",
              "operationId": "GetUnifiedActionSchema",
              "parameters": {
                "actionType": {
                  "value": "Message"
                },
                "poster": {
                  "parameterReference": "poster",
                  "value": null
                },
                "recipientType": {
                  "parameterReference": "location",
                  "value": null
                }
              }
            },
            "example": null,
            "properties": {},
            "type": "object",
            "default": null
          },
          "PostToConversationResponse": {
            "additionalProperties": null,
            "example": null,
            "properties": {
              "id": {
                "additionalProperties": null,
                "example": null,
                "type": "string",
                "default": null,
                "description": "Unique message ID",
                "x-ms-summary": "Message ID"
              },
              "messageLink": {
                "additionalProperties": null,
                "example": null,
                "type": "string",
                "default": null,
                "description": "Link to the message in Microsoft Teams",
                "x-ms-summary": "Message link"
              },
              "conversationId": {
                "additionalProperties": null,
                "example": null,
                "type": "string",
                "default": null,
                "description": "The chat's unique identifier",
                "x-ms-summary": "Conversation ID"
              }
            },
            "type": "object",
            "default": null
          }
        },
        "host": "canada-001.azure-apim.net",
        "info": {
          "title": "Microsoft Teams",
          "version": "1.0.4"
        },
        "parameters": {
          "poster__in_path": {
            "in": "path",
            "name": "poster",
            "required": true,
            "type": "string",
            "x-ms-enum-values": [
              {
                "displayName": "User",
                "value": "User"
              },
              {
                "displayName": "Flow bot",
                "value": "Flow bot"
              },
              {
                "displayName": "Power Virtual Agents (Preview)",
                "value": "Power Virtual Agents"
              }
            ],
            "default": "Flow bot",
            "description": "Select an option",
            "enum": [
              "Power Virtual Agents",
              "Flow bot",
              "User"
            ],
            "x-ms-summary": "Post as"
          },
          "location__in_path": {
            "x-ms-dynamic-list": {
              "itemsPath": "value",
              "itemTitlePath": "displayName",
              "itemValuePath": "id",
              "operationId": "GetMessageLocations",
              "parameters": {
                "messageType": {
                  "value": "ParentMessage"
                },
                "poster": {
                  "parameterReference": "poster",
                  "value": null
                }
              }
            },
            "in": "path",
            "name": "location",
            "required": true,
            "type": "string",
            "default": null,
            "description": "Select an option",
            "x-ms-summary": "Post in"
          }
        },
        "paths": {
          "/{connectionId}/beta/teams/conversation/message/poster/{poster}/location/{location}": {
            "post": {
              "consumes": [
                "application/json"
              ],
              "deprecated": false,
              "description": "Posts a message to a chat or a channel",
              "externalDocs": {
                "url": "https://docs.microsoft.com/connectors/teams/#post-message-in-a-chat-or-channel"
              },
              "operationId": "PostMessageToConversation",
              "parameters": [
                {
                  "in": "path",
                  "name": "connectionId",
                  "required": true,
                  "type": "string",
                  "default": null,
                  "x-ms-visibility": "internal"
                },
                {
                  "$ref": "#/parameters/poster__in_path",
                  "default": null
                },
                {
                  "$ref": "#/parameters/location__in_path",
                  "default": null
                },
                {
                  "in": "body",
                  "name": "body",
                  "required": true,
                  "schema": {
                    "additionalProperties": null,
                    "example": null,
                    "$ref": "#/definitions/DynamicPostMessageRequest",
                    "default": null
                  },
                  "default": null,
                  "description": "The post message request",
                  "x-ms-summary": "Post message request"
                }
              ],
              "produces": [
                "application/json",
                "text/json"
              ],
              "responses": {
                "201": {
                  "description": "Post message response",
                  "schema": {
                    "additionalProperties": null,
                    "example": null,
                    "$ref": "#/definitions/PostToConversationResponse",
                    "default": null
                  }
                },
                "default": {
                  "description": "Operation Failed."
                }
              },
              "summary": "Post message in a chat or channel",
              "x-ms-visibility": "important"
            }
          }
        },
        "produces": [
          "application/json"
        ],
        "responses": {},
        "schemes": [
          "https"
        ],
        "swagger": "2.0"
      }
    }
  },
  "DynamicSchemas": {
    "584060017": {
      "ArgumentName": "body",
      "IsInput": true,
      "OperationId": "PostMessageToConversation",
      "Schema": {
        "properties": {
          "recipient": {
            "x-ms-dynamic-list": {
              "itemsPath": "value",
              "itemTitlePath": "topic",
              "itemValuePath": "id",
              "operationId": "GetChats",
              "parameters": {
                "topic": {
                  "value": "isDefined"
                },
                "chatType": {
                  "value": "all"
                }
              }
            },
            "title": "Group chat",
            "type": "string",
            "description": "Add conversation ID",
            "x-ms-visibility": "important",
            "x-ms-property-name-alias": "body/recipient"
          },
          "messageBody": {
            "title": "Message",
            "type": "string",
            "description": "Add message",
            "format": "html",
            "x-ms-property-name-alias": "body/messageBody"
          },
          "hostedContents": {
            "title": "Hosted Contents",
            "type": "string",
            "description": "Optional hosted contents json array",
            "x-ms-visibility": "advanced",
            "x-ms-property-name-alias": "body/hostedContents"
          }
        },
        "required": [
          "messageBody",
          "recipient"
        ],
        "type": "object"
      },
      "TypeId": "584060017"
    }
  },
  "Locale": "es-MX"
}