<desktopflowbinary desktopflowbinaryid="7cc760b8-8ee1-459e-a56c-39bb5c02542c">
  <data mimetype="application/json">ConnectorDefinition_f8f855bf-9604-4f57-bbfe-a1087987b30a.json</data>
  <iscustomizable>1</iscustomizable>
  <metadata>{}</metadata>
  <mimetype>application/json</mimetype>
  <name>Desktop flow connector definition</name>
  <process>
    <workflowid>2d7e50bc-d7a0-4ece-ba8a-d0c4de1793af</workflowid>
  </process>
  <reference>/providers/Microsoft.PowerApps/apis/shared_teams</reference>
  <statecode>0</statecode>
  <statuscode>1</statuscode>
  <type>ConnectorDefinition</type>
</desktopflowbinary>