<desktopflowbinary desktopflowbinaryid="98c2868f-9082-44a6-8764-46971f3e9225">
  <data mimetype="application/json">ControlRepository_5c7c45d6-ac5b-47ec-b475-0bf1b0a1c6ab.json</data>
  <iscustomizable>1</iscustomizable>
  <metadata>{}</metadata>
  <mimetype>application/json</mimetype>
  <name>Desktop flow ui elements</name>
  <process>
    <workflowid>ff5838ec-9231-4639-89d4-eafe0e61fca1</workflowid>
  </process>
  <reference>controlRepo.appmask</reference>
  <statecode>0</statecode>
  <statuscode>1</statuscode>
  <type>ControlRepository</type>
</desktopflowbinary>