<desktopflowbinary desktopflowbinaryid="308e6c03-1ea1-48c0-99bf-6f187e6d8c56">
  <data mimetype="application/json">ConnectorDefinition_050ebc60-eb8c-4e65-a3be-67facfa7c7b0.json</data>
  <iscustomizable>1</iscustomizable>
  <metadata>{}</metadata>
  <mimetype>application/json</mimetype>
  <name>Desktop flow connector definition</name>
  <process>
    <workflowid>6e128fac-1743-4b4c-bf7f-284f83709bd5</workflowid>
  </process>
  <reference>/providers/Microsoft.PowerApps/apis/shared_teams</reference>
  <statecode>0</statecode>
  <statuscode>1</statuscode>
  <type>ConnectorDefinition</type>
</desktopflowbinary>