<desktopflowbinary desktopflowbinaryid="15db02a3-2134-4f0e-9d17-cbed7fd20ed7">
  <data mimetype="application/json">ControlRepository_2d1281b2-0a9a-4b7e-8131-b879b774a20b.json</data>
  <iscustomizable>1</iscustomizable>
  <metadata>{}</metadata>
  <mimetype>application/json</mimetype>
  <name>Desktop flow ui elements</name>
  <process>
    <workflowid>a8f743ef-9efc-4895-8ea1-814165c99183</workflowid>
  </process>
  <reference>controlRepo.appmask</reference>
  <statecode>0</statecode>
  <statuscode>1</statuscode>
  <type>ControlRepository</type>
</desktopflowbinary>