<desktopflowbinary desktopflowbinaryid="d2322885-ebcb-47c6-87a6-46ee81f79a33">
  <data mimetype="application/json">ManifestFile_d2322885-ebcb-47c6-87a6-46ee81f79a33.json</data>
  <iscustomizable>1</iscustomizable>
  <metadata>{}</metadata>
  <mimetype>application/json</mimetype>
  <name>Desktop flow manifest file</name>
  <process>
    <workflowid>6e128fac-1743-4b4c-bf7f-284f83709bd5</workflowid>
  </process>
  <reference>flow.manifest</reference>
  <statecode>0</statecode>
  <statuscode>1</statuscode>
  <type>ManifestFile</type>
</desktopflowbinary>