<desktopflowbinary desktopflowbinaryid="ebcd47d4-a836-44ef-8305-22b4694c581b">
  <data mimetype="application/json">DependenciesFile_5971db06-055b-4eac-9c00-78f524798f63.json</data>
  <iscustomizable>1</iscustomizable>
  <metadata>{}</metadata>
  <mimetype>application/json</mimetype>
  <name>Desktop flow dependencies file</name>
  <process>
    <workflowid>6f269dac-cf81-4fa3-942f-750c1120063c</workflowid>
  </process>
  <reference>flow.dependencies</reference>
  <statecode>0</statecode>
  <statuscode>1</statuscode>
  <type>DependenciesFile</type>
</desktopflowbinary>