<desktopflowbinary desktopflowbinaryid="70959823-46e2-4864-9fc2-d87187762a97">
  <data mimetype="image/png">ControlRepositoryImageFile_70959823-46e2-4864-9fc2-d87187762a97.png</data>
  <iscustomizable>1</iscustomizable>
  <metadata>{}</metadata>
  <mimetype>image/png</mimetype>
  <name>Desktop flow ui element screenshot</name>
  <process>
    <workflowid>6e128fac-1743-4b4c-bf7f-284f83709bd5</workflowid>
  </process>
  <reference>controlRepo-screenshots\d6360267-47e3-4a2e-b11f-5722722d3c39.png</reference>
  <statecode>0</statecode>
  <statuscode>1</statuscode>
  <type>ControlRepositoryImageFile</type>
</desktopflowbinary>