<desktopflowbinary desktopflowbinaryid="da76d152-94eb-4fea-8072-879a0043d11e">
  <data mimetype="application/json">ImageRepository_7149a932-c26e-4637-b157-1084b85f4cee.json</data>
  <iscustomizable>1</iscustomizable>
  <metadata>{}</metadata>
  <mimetype>application/json</mimetype>
  <name>Desktop flow images</name>
  <process>
    <workflowid>6f269dac-cf81-4fa3-942f-750c1120063c</workflowid>
  </process>
  <reference>imageRepo.imgrepo</reference>
  <statecode>0</statecode>
  <statuscode>1</statuscode>
  <type>ImageRepository</type>
</desktopflowbinary>