<desktopflowbinary desktopflowbinaryid="755ddcd6-ce1c-4ce0-8ba0-955d37d1f354">
  <data mimetype="application/json">ManifestFile_755ddcd6-ce1c-4ce0-8ba0-955d37d1f354.json</data>
  <iscustomizable>1</iscustomizable>
  <metadata>{}</metadata>
  <mimetype>application/json</mimetype>
  <name>Desktop flow manifest file</name>
  <process>
    <workflowid>ff5838ec-9231-4639-89d4-eafe0e61fca1</workflowid>
  </process>
  <reference>flow.manifest</reference>
  <statecode>0</statecode>
  <statuscode>1</statuscode>
  <type>ManifestFile</type>
</desktopflowbinary>