<desktopflowbinary desktopflowbinaryid="8403104f-1b26-463a-89b2-2e2a1f5fa9b9">
  <data mimetype="application/json">ManifestFile_8403104f-1b26-463a-89b2-2e2a1f5fa9b9.json</data>
  <iscustomizable>1</iscustomizable>
  <metadata>{}</metadata>
  <mimetype>application/json</mimetype>
  <name>Desktop flow manifest file</name>
  <process>
    <workflowid>6f269dac-cf81-4fa3-942f-750c1120063c</workflowid>
  </process>
  <reference>flow.manifest</reference>
  <statecode>0</statecode>
  <statuscode>1</statuscode>
  <type>ManifestFile</type>
</desktopflowbinary>