<desktopflowbinary desktopflowbinaryid="5362d3ec-959c-4870-b332-ae5168ee3e8a">
  <data mimetype="application/json">ManifestFile_5362d3ec-959c-4870-b332-ae5168ee3e8a.json</data>
  <iscustomizable>1</iscustomizable>
  <metadata>{}</metadata>
  <mimetype>application/json</mimetype>
  <name>Desktop flow manifest file</name>
  <process>
    <workflowid>2d7e50bc-d7a0-4ece-ba8a-d0c4de1793af</workflowid>
  </process>
  <reference>flow.manifest</reference>
  <statecode>0</statecode>
  <statuscode>1</statuscode>
  <type>ManifestFile</type>
</desktopflowbinary>