<desktopflowbinary desktopflowbinaryid="1e1bd933-34aa-4702-99d5-bfd552808de1">
  <data mimetype="image/png">ControlRepositoryImageFile_1e1bd933-34aa-4702-99d5-bfd552808de1.png</data>
  <iscustomizable>1</iscustomizable>
  <metadata>{}</metadata>
  <mimetype>image/png</mimetype>
  <name>Desktop flow ui element screenshot</name>
  <process>
    <workflowid>6e128fac-1743-4b4c-bf7f-284f83709bd5</workflowid>
  </process>
  <reference>controlRepo-screenshots\c45bd60a-6a8f-45c1-b51f-f594a83eaba5.png</reference>
  <statecode>0</statecode>
  <statuscode>1</statuscode>
  <type>ControlRepositoryImageFile</type>
</desktopflowbinary>