<desktopflowbinary desktopflowbinaryid="973ffa4f-ccb2-4bdf-a03c-33a09bdd47b7">
  <data mimetype="application/json">DependenciesFile_f3760410-2bed-40e4-b999-6ce6b17babcc.json</data>
  <iscustomizable>1</iscustomizable>
  <metadata>{}</metadata>
  <mimetype>application/json</mimetype>
  <name>Desktop flow dependencies file</name>
  <process>
    <workflowid>6e128fac-1743-4b4c-bf7f-284f83709bd5</workflowid>
  </process>
  <reference>flow.dependencies</reference>
  <statecode>0</statecode>
  <statuscode>1</statuscode>
  <type>DependenciesFile</type>
</desktopflowbinary>