<desktopflowbinary desktopflowbinaryid="c70ea12d-a62a-40d1-99fb-4b8b81a75dff">
  <data mimetype="image/png">ControlRepositoryImageFile_c70ea12d-a62a-40d1-99fb-4b8b81a75dff.png</data>
  <iscustomizable>1</iscustomizable>
  <metadata>{}</metadata>
  <mimetype>image/png</mimetype>
  <name>Desktop flow ui element screenshot</name>
  <process>
    <workflowid>6e128fac-1743-4b4c-bf7f-284f83709bd5</workflowid>
  </process>
  <reference>controlRepo-screenshots\753aedd3-3491-4b89-a17f-988bda79626a.png</reference>
  <statecode>0</statecode>
  <statuscode>1</statuscode>
  <type>ControlRepositoryImageFile</type>
</desktopflowbinary>