<desktopflowbinary desktopflowbinaryid="81445b51-620e-42b7-8ccf-90db713579db">
  <data mimetype="application/json">DependenciesFile_d393979a-223e-4949-9ce5-8051d4f37b34.json</data>
  <iscustomizable>1</iscustomizable>
  <metadata>{}</metadata>
  <mimetype>application/json</mimetype>
  <name>Desktop flow dependencies file</name>
  <process>
    <workflowid>2d7e50bc-d7a0-4ece-ba8a-d0c4de1793af</workflowid>
  </process>
  <reference>flow.dependencies</reference>
  <statecode>0</statecode>
  <statuscode>1</statuscode>
  <type>DependenciesFile</type>
</desktopflowbinary>