<desktopflowbinary desktopflowbinaryid="9f421d10-aecc-4a58-85d0-89f7c4c82f99">
  <data mimetype="application/json">ImageRepository_df2d485c-6f22-431f-9028-f8d05fe5c90b.json</data>
  <iscustomizable>1</iscustomizable>
  <metadata>{}</metadata>
  <mimetype>application/json</mimetype>
  <name>Desktop flow images</name>
  <process>
    <workflowid>a8f743ef-9efc-4895-8ea1-814165c99183</workflowid>
  </process>
  <reference>imageRepo.imgrepo</reference>
  <statecode>0</statecode>
  <statuscode>1</statuscode>
  <type>ImageRepository</type>
</desktopflowbinary>