<desktopflowbinary desktopflowbinaryid="c80b586c-aa1f-4fa5-a8e1-57a4271192c9">
  <data mimetype="application/json">DependenciesFile_11aea256-7fe7-44d6-9471-ae4ad0da0c2b.json</data>
  <iscustomizable>1</iscustomizable>
  <metadata>{}</metadata>
  <mimetype>application/json</mimetype>
  <name>Desktop flow dependencies file</name>
  <process>
    <workflowid>a8f743ef-9efc-4895-8ea1-814165c99183</workflowid>
  </process>
  <reference>flow.dependencies</reference>
  <statecode>0</statecode>
  <statuscode>1</statuscode>
  <type>DependenciesFile</type>
</desktopflowbinary>