<desktopflowbinary desktopflowbinaryid="1789ff52-fe08-4787-9493-8b58793b42a4">
  <data mimetype="application/json">ControlRepository_647dc89e-2789-4621-b980-c3775ba0bec9.json</data>
  <iscustomizable>1</iscustomizable>
  <metadata>{}</metadata>
  <mimetype>application/json</mimetype>
  <name>Desktop flow ui elements</name>
  <process>
    <workflowid>6e128fac-1743-4b4c-bf7f-284f83709bd5</workflowid>
  </process>
  <reference>controlRepo.appmask</reference>
  <statecode>0</statecode>
  <statuscode>1</statuscode>
  <type>ControlRepository</type>
</desktopflowbinary>