<desktopflowbinary desktopflowbinaryid="5b4fbfc7-cfa9-44c5-ac57-7635cffdd5ac">
  <data mimetype="application/json">ControlRepository_946fc956-cfd9-46cd-a104-b54a7ee75b41.json</data>
  <iscustomizable>1</iscustomizable>
  <metadata>{}</metadata>
  <mimetype>application/json</mimetype>
  <name>Desktop flow ui elements</name>
  <process>
    <workflowid>2d7e50bc-d7a0-4ece-ba8a-d0c4de1793af</workflowid>
  </process>
  <reference>controlRepo.appmask</reference>
  <statecode>0</statecode>
  <statuscode>1</statuscode>
  <type>ControlRepository</type>
</desktopflowbinary>