<desktopflowbinary desktopflowbinaryid="0d6fe77f-063e-4f4b-b98b-cd4534c95814">
  <data mimetype="image/png">ControlRepositoryImageFile_0d6fe77f-063e-4f4b-b98b-cd4534c95814.png</data>
  <iscustomizable>1</iscustomizable>
  <metadata>{}</metadata>
  <mimetype>image/png</mimetype>
  <name>Desktop flow ui element screenshot</name>
  <process>
    <workflowid>6e128fac-1743-4b4c-bf7f-284f83709bd5</workflowid>
  </process>
  <reference>controlRepo-screenshots\ec108428-a2aa-4a99-b515-feb83c834e65.png</reference>
  <statecode>0</statecode>
  <statuscode>1</statuscode>
  <type>ControlRepositoryImageFile</type>
</desktopflowbinary>