<ImportExportXml xmlns:xsi="http://www.w3.org/2001/XMLSchema-instance" OrganizationVersion="9.2.25093.141" OrganizationSchemaType="Standard" CRMServerServiceabilityVersion="9.2.25093.00141">
  <Entities></Entities>
  <Roles></Roles>
  <Workflows>
    <Workflow WorkflowId="{ff5838ec-9231-4639-89d4-eafe0e61fca1}" Name="P004 Crear Solped de Avance">
      <JsonFileName>/Workflows/P004CrearSolpeddeAvance-FF5838EC-9231-4639-89D4-EAFE0E61FCA1.json</JsonFileName>
      <Type>1</Type>
      <Subprocess>0</Subprocess>
      <Category>6</Category>
      <Mode>0</Mode>
      <Scope>4</Scope>
      <OnDemand>0</OnDemand>
      <TriggerOnCreate>0</TriggerOnCreate>
      <TriggerOnDelete>0</TriggerOnDelete>
      <AsyncAutodelete>0</AsyncAutodelete>
      <SyncWorkflowLogOnFailure>0</SyncWorkflowLogOnFailure>
      <StateCode>1</StateCode>
      <StatusCode>2</StatusCode>
      <RunAs>1</RunAs>
      <IsTransacted>1</IsTransacted>
      <IntroducedVersion>1.0</IntroducedVersion>
      <IsCustomizable>1</IsCustomizable>
      <UIFlowType>2</UIFlowType>
      <IsCustomProcessingStepAllowedForOtherPublishers>1</IsCustomProcessingStepAllowedForOtherPublishers>
      <ModernFlowType>0</ModernFlowType>
      <Metadata>{"clientversion":"2.59.163.25230","isvalid":true,"$schema":"https://schema.management.azure.com/providers/Microsoft.Logic/schemas/2016-06-01/workflowdefinition.json#","schemaVersion":"ROBIN_20211012","containsActiveConnections":true,"containsGptPredictActions":false,"containsActiveCopilotActions":false,"containsActiveWorkQueuesActions":false,"containsActiveLogMessageActions":false,"containsActiveCredentialsActions":false,"multipleRequestsState":0,"scriptType":0,"disableScreenshotCaptureOnError":false,"missingUiElementRepairType":null,"flowTimeout":null,"screenResolution":null,"flowLogsVerbosity":null}</Metadata>
      <Inputs>{"schema":{"required":["Contrato","IdProveedor","NAvance"],"properties":{"Contrato":{"isOptional":false,"default":"","description":"","format":null,"title":"NewInput","type":"string","value":"4600000316"},"IdProveedor":{"isOptional":false,"default":"","description":"","format":null,"title":"NewInput","type":"string","value":"1002182"},"NAvance":{"isOptional":false,"default":"","description":"","format":null,"title":"NewInput","type":"string","value":"1"}},"type":"object"}}</Inputs>
      <Outputs>{"schema":null}</Outputs>
      <Dependencies>{"childFlows":[],"workQueues":[],"environmentVariables":[],"requiredBinaries":["755ddcd6-ce1c-4ce0-8ba0-955d37d1f354","98c2868f-9082-44a6-8764-46971f3e9225","88ae9568-f6f8-473b-abbe-3b86200bb2b5","8af761b5-d308-40ce-8893-09cec4ae329d","63267a9f-0f41-4248-9eb4-ef71093269e0"]}</Dependencies>
      <ConnectionReferences>[{"api":{"name":"/providers/Microsoft.PowerApps/apis/shared_teams"},"displayName":"Microsoft Teams P004_SOL_ReportedeContratos-31a88","isDisabled":false,"connectionReferenceLogicalName":"crb52_sharedteams_31a88","name":"shared-teams-5579eb22-d00a-4ac2-92ea-d5bb8ee91f4d","connectionDisplayName":"eva@edrsilver.com","ownerId":null,"padInternalId":"a7c9bc36-5c49-4601-a781-5d8ca4d6d7a4","isEmbedded":false}]</ConnectionReferences>
      <Definition>"@@ConnectionString: ''\r\n@@Type: 'Local'\r\n@@DesktopType: 'local'\r\n@@DisplayName: 'Equipo local'\r\nIMPORT 'controlRepo.appmask' AS appmask\r\nIMPORT 'imageRepo.imgrepo' AS imgrepo\r\n@SENSITIVE: []\r\n@INPUT Contrato : { 'Description': '', 'FriendlyName': 'NewInput', 'Type': 'String', 'IsOptional': False, 'DefaultValue': '4600000316' } \r\n@INPUT IdProveedor : { 'Description': '', 'FriendlyName': 'NewInput', 'Type': 'String', 'IsOptional': False, 'DefaultValue': '1002182' } \r\n@INPUT NAvance : { 'Description': '', 'FriendlyName': 'NewInput', 'Type': 'String', 'IsOptional': False, 'DefaultValue': '1' } \r\nDISABLE CALL 'Borrar Archivos'\r\nDISABLE Display.ShowMessageDialog.ShowMessage Title: $'''Hola''' Message: $'''# Requiere tener instalado el módulo SqlServer\r\n# Install-Module -Name SqlServer -Scope CurrentUser -Force\r\n \r\n# Parámetros de conexión\r\n$servidor = \\\"172.22.1.17\\\\EDRSUITE_DB,61433\\\"\r\n$basedatos = \\\"EDRSuite_DB\\\"\r\n$usuario = \\\"sa\\\"\r\n$contrasena = \\\"mFcDVxhtAglM2LQYO\\\"\r\n \r\n# Consulta SQL con campos específicos y filtros\r\n$consulta = @\\\"\r\nSELECT \r\n    id,\r\n    preq_item,\r\n    acctasscat,\r\n    item_cat,\r\n    material,\r\n    short_text,\r\n    text_line,\r\n    vend_mat,\r\n    quantity,\r\n    unit,\r\n    preq_price,\r\n    currency,\r\n    pur_group,\r\n    matl_group,\r\n    plant,\r\n    store_loc,\r\n    deliv_date,\r\n    costcenter,\r\n    orderid,\r\n    wbs_element,\r\n    preq_name,\r\n    des_vendor,\r\n    purch_org,\r\n    agreement,\r\n    agmt_item,\r\n    producttype,\r\n    startdate,\r\n    enddate\r\nFROM vw_ContratoSolpedsSap\r\nWHERE \r\n    IdProveedor = %IdProveedor% AND \r\n    NAvances = %NAvance% AND \r\n    agreement = \\'%Contrato%\\';\r\n\\\"@\r\n \r\n# Ruta del archivo CSV en carpeta TEMP en C:\r\n$archivoCSV = \\\"C:\\\\TEMP\\\\resultado_vw_ContratoSolpedsSap.csv\\\"\r\n \r\n# Crear la carpeta TEMP si no existe\r\nif (-not (Test-Path \\\"C:\\\\TEMP\\\")) {\r\n    New-Item -ItemType Directory -Path \\\"C:\\\\TEMP\\\" | Out-Null\r\n}''' Icon: Display.Icon.None Buttons: Display.Buttons.OK DefaultButton: Display.DefaultButton.Button1 IsTopMost: False ButtonPressed=&gt; ButtonPressed\r\n# \r\nScripting.RunPowershellScript.RunPowershellScript Script: $'''# Requiere tener instalado el módulo SqlServer\r\n# Install-Module -Name SqlServer -Scope CurrentUser -Force\r\n \r\n# Parámetros de conexión\r\n$servidor = \\\"172.22.1.17\\\\EDRSUITE_DB,61433\\\"\r\n$basedatos = \\\"EDRSuite_DB\\\"\r\n$usuario = \\\"sa\\\"\r\n$contrasena = \\\"mFcDVxhtAglM2LQYO\\\"\r\n \r\n# Consulta SQL con campos específicos y filtros\r\n$consulta = @\\\"\r\nSELECT \r\n    id,\r\n    preq_item,\r\n    acctasscat,\r\n    item_cat,\r\n    material,\r\n    short_text,\r\n    text_line,\r\n    vend_mat,\r\n    quantity,\r\n    unit,\r\n    preq_price,\r\n    currency,\r\n    pur_group,\r\n    matl_group,\r\n    plant,\r\n    store_loc,\r\n    deliv_date,\r\n    costcenter,\r\n    orderid,\r\n    wbs_element,\r\n    preq_name,\r\n    des_vendor,\r\n    purch_org,\r\n    agreement,\r\n    agmt_item,\r\n    producttype,\r\n    startdate,\r\n    enddate\r\nFROM vw_ContratoSolpedsSap\r\nWHERE \r\n    IdProveedor = \\'%IdProveedor%\\' AND \r\n    NAvances = %NAvance% AND \r\n    agreement = \\'%Contrato%\\';\r\n\\\"@\r\n \r\n# Ruta del archivo CSV en carpeta TEMP en C:\r\n$archivoCSV = \\\"C:\\\\TEMP\\\\%Contrato%-%NAvance%.csv\\\"\r\n \r\n# Crear la carpeta TEMP si no existe\r\nif (-not (Test-Path \\\"C:\\\\TEMP\\\")) {\r\n    New-Item -ItemType Directory -Path \\\"C:\\\\TEMP\\\" | Out-Null\r\n}\r\n \r\n# Ejecutar consulta y exportar\r\nInvoke-Sqlcmd -ServerInstance $servidor `\r\n              -Database $basedatos `\r\n              -Username $usuario `\r\n              -Password $contrasena `\r\n              -Query $consulta |\r\n    Export-Csv -Path $archivoCSV -NoTypeInformation -Encoding UTF8\r\n \r\nWrite-Host \\\"Consulta exportada correctamente a: $archivoCSV\\\"''' ScriptOutput=&gt; PowershellOutput\r\n# Abrir SAP\r\nScripting.RunVBScript.RunVBScript VBScriptCode: $'''\r\n\\'SAP\r\nSAP_BIN = \\\"saplogon.exe\\\"\r\nSAP_GUI_PATH = \\\"C:\\\\Program Files (x86)\\\\SAP\\\\FrontEnd\\\\SAPgui\\\\saplogon.exe\\\"\r\n\\'Connections\r\nlk0_sso = \\\"PS4\\\"\r\nlk0_auth = \\\"PS4\\\"\r\n\\' Auth\r\nuser = \\\"EVA_BOT\\\"\r\npassword = \\\"3nD43v0ur$1lv3r\\\"\r\n\r\nMain\r\n\r\nSub Main()\r\n\r\nIf Not FileExists(SAP_GUI_PATH) Then\r\n        MsgBox \\\"El archivo no existe en la ruta especificada.\\\", vbExclamation, \\\"Archivo no encontrado\\\"\r\nEnd If\r\n\r\nExecuteAndWaitForSAP\r\n\r\n    \\' SapGuiApplication\r\nSet root = GetObject(\\\"SAPGUI\\\")\r\nSet Application = root.GetScriptingEngine\r\n\r\n    \\' Open sync connection\r\n    \\'\r\n    \\' Without SSO\r\nSet Connection = Application.OpenConnection(lk0_auth, True)\r\nSet Session = Connection.Children(0)\r\n    Session.findById(\\\"wnd[0]/usr/txtRSYST-BNAME\\\").text = user\r\n    Session.findById(\\\"wnd[0]/usr/pwdRSYST-BCODE\\\").text = password\r\n    Session.findById(\\\"wnd[0]/tbar[0]/btn[0]\\\").press\r\n\r\nEnd Sub\r\n\r\n\r\nFunction FileExists(filePath)\r\n    Set fso = CreateObject(\\\"Scripting.FileSystemObject\\\")\r\n    If fso.FileExists(filePath) Then \r\n        FileExists = True \r\n    Else\r\n        FileExists = False\r\n    End If\r\nEnd Function\r\n\r\n\r\nSub ExecuteAndWaitForSAP()\r\n    \\' Run saplogon bin\r\n    WScript.CreateObject(\\\"WScript.Shell\\\").Run Chr(34) &amp; SAP_GUI_PATH &amp; Chr(34), 2\r\n\r\n    \\' Wait to be initialized\r\n    isSapInitialized = False\r\n    Do While Not isSapInitialized\r\n        isSapInitialized = IsProcessRunning(SAP_BIN)\r\n    Loop\r\n    \r\n    WScript.Sleep 3000\r\nEnd Sub\r\n\r\nFunction IsProcessRunning(targetProcess)\r\n    Set WMIService = GetObject(\\\"winmgmts:\\\\\\\\.\\\\root\\\\cimv2\\\")\r\n    query = \\\"SELECT * FROM Win32_Process\\\"\r\n    Set items = WMIService.ExecQuery(query)\r\n\r\n    For Each item In items\r\n        If item.Name = targetProcess Then\r\n            IsProcessRunning = True\r\n            Exit Function\r\n        End If\r\n    Next\r\n\r\n    IsProcessRunning = False\r\nEnd Function\r\n\r\n\r\n''' ScriptOutput=&gt; VBScriptOutput\r\n# Abrir KBS1\r\nScripting.RunVBScript.RunVBScript VBScriptCode: $'''If Not IsObject(application) Then\r\n   Set SapGuiAuto  = GetObject(\\\"SAPGUI\\\")\r\n   Set application = SapGuiAuto.GetScriptingEngine\r\nEnd If\r\nIf Not IsObject(connection) Then\r\n   Set connection = application.Children(0)\r\nEnd If\r\nIf Not IsObject(session) Then\r\n   Set session    = connection.Children(0)\r\nEnd If\r\nIf IsObject(WScript) Then\r\n   WScript.ConnectObject session,     \\\"on\\\"\r\n   WScript.ConnectObject application, \\\"on\\\"\r\nEnd If\r\nsession.findById(\\\"wnd[0]\\\").maximize\r\nsession.findById(\\\"wnd[0]/tbar[0]/okcd\\\").text = \\\"/n zmm_me51n\\\"\r\nsession.findById(\\\"wnd[0]\\\").sendVKey 0\r\nsession.findById(\\\"wnd[0]/usr/chkGP_TEST\\\").selected = false\r\nsession.findById(\\\"wnd[0]/usr/txtGP_DESC\\\").text = \\\"TEST\\\"\r\nsession.findById(\\\"wnd[0]/usr/ctxtGP_FILE\\\").text = \\\"C:\\\\TEMP\\\\%Contrato%-%NAvance%.csv\\\"\r\nsession.findById(\\\"wnd[0]/usr/ctxtGP_FILE\\\").setFocus\r\nsession.findById(\\\"wnd[0]/usr/ctxtGP_FILE\\\").caretPosition = 43\r\nsession.findById(\\\"wnd[0]/tbar[1]/btn[8]\\\").press\r\n\r\nSet grid = session.findById(\\\"wnd[1]/usr/cntlGRID1/shellcont/shell\\\")\r\n\r\n\\' Obtener total de filas\r\nDim totalFilas, i, mensajeCompleto, mensaje\r\ntotalFilas = grid.RowCount\r\nmensajeCompleto = \\\"\\\"\r\n\r\nFor i = 0 To totalFilas - 1\r\n    mensaje = grid.GetCellValue(i, \\\"MESSAGE\\\")\r\n    If Len(mensajeCompleto) = 0 Then\r\n        mensajeCompleto = mensaje\r\n    Else\r\n        mensajeCompleto = mensajeCompleto &amp; \\\" / \\\" &amp; mensaje\r\n    End If\r\nNext\r\n\r\n\\' Cierra la ventana de mensajes\r\nsession.findById(\\\"wnd[1]/tbar[0]/btn[0]\\\").press\r\n\r\n\r\n\r\n\\' Mostrarlo como salida del script\r\nWScript.Echo mensajeCompleto\r\n''' ScriptOutput=&gt; VBScriptOutput2\r\nText.ParseText.ParseForFirstOccurrence Text: VBScriptOutput2 TextToFind: $'''/''' StartingPosition: 0 IgnoreCase: False OccurrencePosition=&gt; Position\r\nVariables.DecreaseVariable Value: Position DecrementValue: 9\r\nText.GetSubtext.GetSubtext Text: VBScriptOutput2 CharacterPosition: Position NumberOfChars: 8 Subtext=&gt; Subtext\r\nDatabase.Connect ConnectionString: $'''Provider=SQLOLEDB.1;User ID=sa;Password=mFcDVxhtAglM2LQYO;Persist Security Info=False;Initial Catalog=EDRSuite_DB;Data Source=172.22.1.17,61433;''' Connection=&gt; SQLConnection\r\nDatabase.ExecuteSqlStatement.Execute Connection: SQLConnection Statement: $'''Update t_tbl_EncabezadoAvance set Solped = \\'%Subtext%\\' , Upd_User = \\'eva@edrsilver.com\\', Upd_Date = getdate() from t_tbl_EncabezadoAvance where IdProveedor = \\'%IdProveedor%\\' and Contrato = \\'%Contrato%\\' and NAvances = %NAvance%''' Timeout: 30 Result=&gt; QueryResult\r\nDatabase.Close Connection: SQLConnection\r\n@@location: 'Group chat'\r\n@@'body/recipient': 'Prueba notificacion'\r\n@@'InputSchema:body': '-841355158'\r\n@@connectionDisplayName: 'Microsoft Teams P004_SOL_ReportedeContratos-31a88'\r\nExternal.InvokeCloudConnector Connection: 'a7c9bc36-5c49-4601-a781-5d8ca4d6d7a4' ConnectorId: '/providers/Microsoft.PowerApps/apis/shared_teams' OperationId: 'PostMessageToConversation' @poster: $'''User''' @location: $'''Group chat''' @'body/recipient': $'''19:ecb524616c984f2b8d3542f39bdc556d@thread.v2''' @'body/messageBody': VBScriptOutput2 @PostMessageToConversationResponse=&gt; PostMessageToConversationResponse\r\nFUNCTION 'Borrar Archivos' GLOBAL\r\n    Folder.GetFiles Folder: $'''C:\\\\TEMP''' FileFilter: $'''resultado_vw_ContratoSolpedsSap.*''' IncludeSubfolders: False FailOnAccessDenied: True SortBy1: Folder.SortBy.NoSort SortDescending1: False SortBy2: Folder.SortBy.NoSort SortDescending2: False SortBy3: Folder.SortBy.NoSort SortDescending3: False Files=&gt; Files3\r\n    SET k TO 0\r\n    LOOP FOREACH CurrentItem2 IN Files3\r\n        SET ruta2 TO Files3[k]\r\n        File.Delete Files: ruta2\r\n        Variables.IncreaseVariable Value: k IncrementValue: 1\r\n    END\r\nEND FUNCTION\r\n"</Definition>
      <SchemaVersion>2022.07</SchemaVersion>
      <Claims>[{"name":"connectors.execution.teams.PostMessageToConversation"},{"name":"connectors.swagger.teams"}]</Claims>
      <DesktopFlowModules>[]</DesktopFlowModules>
      <Credentials>[]</Credentials>
      <PrimaryEntity>none</PrimaryEntity>
      <LocalizedNames>
        <LocalizedName languagecode="1033" description="P004 Crear Solped de Avance" />
      </LocalizedNames>
    </Workflow>
    <Workflow WorkflowId="{744812dc-8171-f011-bec2-000d3a84766c}" Name="P004_F01_Envío de aprobaciones">
      <JsonFileName>/Workflows/P004_F01_Envodeaprobaciones-744812DC-8171-F011-BEC2-000D3A84766C.json</JsonFileName>
      <Type>1</Type>
      <Subprocess>0</Subprocess>
      <Category>5</Category>
      <Mode>0</Mode>
      <Scope>4</Scope>
      <OnDemand>0</OnDemand>
      <TriggerOnCreate>0</TriggerOnCreate>
      <TriggerOnDelete>0</TriggerOnDelete>
      <AsyncAutodelete>0</AsyncAutodelete>
      <SyncWorkflowLogOnFailure>0</SyncWorkflowLogOnFailure>
      <StateCode>1</StateCode>
      <StatusCode>2</StatusCode>
      <RunAs>1</RunAs>
      <IsTransacted>1</IsTransacted>
      <IntroducedVersion>1.0.0.0</IntroducedVersion>
      <IsCustomizable>1</IsCustomizable>
      <IsCustomProcessingStepAllowedForOtherPublishers>1</IsCustomProcessingStepAllowedForOtherPublishers>
      <ModernFlowType>0</ModernFlowType>
      <PrimaryEntity>none</PrimaryEntity>
      <LocalizedNames>
        <LocalizedName languagecode="1033" description="P004_F01_Envío de aprobaciones" />
      </LocalizedNames>
    </Workflow>
    <Workflow WorkflowId="{a8f743ef-9efc-4895-8ea1-814165c99183}" Name="Cerrar Sesión de Usuario Windows.">
      <JsonFileName>/Workflows/CerrarSesindeUsuarioWindows-A8F743EF-9EFC-4895-8EA1-814165C99183.json</JsonFileName>
      <Type>1</Type>
      <Subprocess>0</Subprocess>
      <Category>6</Category>
      <Mode>0</Mode>
      <Scope>4</Scope>
      <OnDemand>0</OnDemand>
      <TriggerOnCreate>0</TriggerOnCreate>
      <TriggerOnDelete>0</TriggerOnDelete>
      <AsyncAutodelete>0</AsyncAutodelete>
      <SyncWorkflowLogOnFailure>0</SyncWorkflowLogOnFailure>
      <StateCode>1</StateCode>
      <StatusCode>2</StatusCode>
      <RunAs>1</RunAs>
      <IsTransacted>1</IsTransacted>
      <IntroducedVersion>1.0</IntroducedVersion>
      <IsCustomizable>1</IsCustomizable>
      <BusinessProcessType>0</BusinessProcessType>
      <UIFlowType>2</UIFlowType>
      <IsCustomProcessingStepAllowedForOtherPublishers>1</IsCustomProcessingStepAllowedForOtherPublishers>
      <ModernFlowType>0</ModernFlowType>
      <Metadata>{"clientversion":"2.58.163.25188","isvalid":true,"$schema":"https://schema.management.azure.com/providers/Microsoft.Logic/schemas/2016-06-01/workflowdefinition.json#","schemaVersion":"ROBIN_20211012","containsActiveConnections":false,"containsGptPredictActions":false,"containsActiveCopilotActions":false,"containsActiveWorkQueuesActions":false,"containsActiveLogMessageActions":false,"containsActiveCredentialsActions":false,"multipleRequestsState":0,"scriptType":0,"disableScreenshotCaptureOnError":false,"missingUiElementRepairType":null,"flowTimeout":null,"screenResolution":null,"flowLogsVerbosity":null}</Metadata>
      <Inputs>{"schema":null}</Inputs>
      <Outputs>{"schema":null}</Outputs>
      <Dependencies>{"childFlows":[],"workQueues":[],"environmentVariables":[],"requiredBinaries":["06fe15ff-cd52-456b-9993-47680adc2381","15db02a3-2134-4f0e-9d17-cbed7fd20ed7","9f421d10-aecc-4a58-85d0-89f7c4c82f99","c80b586c-aa1f-4fa5-a8e1-57a4271192c9"]}</Dependencies>
      <ConnectionReferences>[]</ConnectionReferences>
      <Definition>"@@ConnectionString: ''\r\n@@Type: 'Local'\r\n@@DesktopType: 'local'\r\n@@DisplayName: 'Equipo local'\r\nIMPORT 'controlRepo.appmask' AS appmask\r\nIMPORT 'imageRepo.imgrepo' AS imgrepo\r\n@SENSITIVE: []\r\nScripting.RunPowershellScript.RunPowershellScript Script: $'''shutdown.exe /l''' ScriptOutput=&gt; PowershellOutput\r\n"</Definition>
      <SchemaVersion>2022.07</SchemaVersion>
      <Claims>[]</Claims>
      <DesktopFlowModules>[]</DesktopFlowModules>
      <Credentials>[]</Credentials>
      <PrimaryEntity>none</PrimaryEntity>
      <LocalizedNames>
        <LocalizedName languagecode="1033" description="Cerrar Sesión de Usuario Windows." />
      </LocalizedNames>
    </Workflow>
    <Workflow WorkflowId="{6e128fac-1743-4b4c-bf7f-284f83709bd5}" Name="P004_Migar Contatos SAP - SQL">
      <JsonFileName>/Workflows/P004_MigarContatosSAP-SQL-6E128FAC-1743-4B4C-BF7F-284F83709BD5.json</JsonFileName>
      <Type>1</Type>
      <Subprocess>0</Subprocess>
      <Category>6</Category>
      <Mode>0</Mode>
      <Scope>4</Scope>
      <OnDemand>0</OnDemand>
      <TriggerOnCreate>0</TriggerOnCreate>
      <TriggerOnDelete>0</TriggerOnDelete>
      <AsyncAutodelete>0</AsyncAutodelete>
      <SyncWorkflowLogOnFailure>0</SyncWorkflowLogOnFailure>
      <StateCode>1</StateCode>
      <StatusCode>2</StatusCode>
      <RunAs>1</RunAs>
      <IsTransacted>1</IsTransacted>
      <IntroducedVersion>1.0</IntroducedVersion>
      <IsCustomizable>1</IsCustomizable>
      <BusinessProcessType>0</BusinessProcessType>
      <UIFlowType>2</UIFlowType>
      <IsCustomProcessingStepAllowedForOtherPublishers>1</IsCustomProcessingStepAllowedForOtherPublishers>
      <Metadata>{"clientversion":"2.60.154.25253","isvalid":true,"$schema":"https://schema.management.azure.com/providers/Microsoft.Logic/schemas/2016-06-01/workflowdefinition.json#","schemaVersion":"ROBIN_20211012","containsActiveConnections":true,"containsGptPredictActions":false,"containsActiveCopilotActions":false,"containsActiveWorkQueuesActions":false,"containsActiveLogMessageActions":false,"containsActiveCredentialsActions":false,"multipleRequestsState":0,"scriptType":0,"disableScreenshotCaptureOnError":false,"missingUiElementRepairType":null,"flowTimeout":null,"screenResolution":null,"flowLogsVerbosity":null}</Metadata>
      <Inputs>{"schema":{"required":["Vacio"],"properties":{"Vacio":{"isOptional":false,"default":"","description":"","format":null,"title":"NewInput","type":"string","value":""}},"type":"object"}}</Inputs>
      <Outputs>{"schema":null}</Outputs>
      <Dependencies>{"childFlows":[],"workQueues":[],"environmentVariables":[],"requiredBinaries":["d2322885-ebcb-47c6-87a6-46ee81f79a33","1789ff52-fe08-4787-9493-8b58793b42a4","ac77a2a2-083d-45d7-9ebc-22b28fc8d93f","308e6c03-1ea1-48c0-99bf-6f187e6d8c56","973ffa4f-ccb2-4bdf-a03c-33a09bdd47b7"]}</Dependencies>
      <ConnectionReferences>[{"api":{"name":"/providers/Microsoft.PowerApps/apis/shared_teams"},"displayName":"Microsoft Teams p004_SP_Catalogo_Vehiculos-7ec1f","isDisabled":false,"connectionReferenceLogicalName":"crfc1_sharedteams_7ec1f","name":"shared-teams-c1632e66-8d5d-4149-917c-8dfab36273d7","connectionDisplayName":"eva@edrsilver.com","ownerId":null,"padInternalId":"d8da664d-b05f-45df-b622-560cbc452d74","isEmbedded":false}]</ConnectionReferences>
      <Definition>"@@ConnectionString: ''\r\n@@Type: 'Local'\r\n@@DesktopType: 'local'\r\n@@DisplayName: 'Equipo local'\r\nIMPORT 'controlRepo.appmask' AS appmask\r\nIMPORT 'imageRepo.imgrepo' AS imgrepo\r\n@SENSITIVE: []\r\n@INPUT Vacio : { 'Description': '', 'FriendlyName': 'NewInput', 'Type': 'String', 'IsOptional': False, 'DefaultValue': '' } \r\nScripting.RunPowershellScript.RunPowershellScript Script: $'''$env:USERNAME''' ScriptOutput=&gt; PS_User\r\nText.Replace Text: PS_User TextToFind: $'''\\\\r\\\\n''' IsRegEx: True IgnoreCase: False ReplaceWith: Vacio ActivateEscapeSequences: False Result=&gt; User\r\nCALL 'Borrar Archivos'\r\n# ****Abrir SAP\r\nScripting.RunVBScript.RunVBScript VBScriptCode: $'''\r\n\\'SAP\r\nSAP_BIN = \\\"saplogon.exe\\\"\r\nSAP_GUI_PATH = \\\"C:\\\\Program Files (x86)\\\\SAP\\\\FrontEnd\\\\SAPgui\\\\saplogon.exe\\\"\r\n\\'Connections\r\nlk0_sso = \\\"PS4\\\"\r\nlk0_auth = \\\"PS4\\\"\r\n\\' Auth\r\ncliente = \\\"010\\\"\r\nuser = \\\"EVA_BOT\\\"\r\npassword = \\\"3nD43v0ur$1lv3r\\\"\r\n\r\n\r\nMain\r\n\r\nSub Main()\r\n \r\n\r\n    ExecuteAndWaitForSAP\r\n\r\n    \\' SapGuiApplication\r\n    Set root = GetObject(\\\"SAPGUI\\\")\r\n    Set Application = root.GetScriptingEngine\r\n     \t\r\n    \\' Open sync connection\r\n    \\'\r\n    \\' Without SSO\r\n    Set Connection = Application.OpenConnection(lk0_auth, True)\r\n    Set Session = Connection.Children(0)\r\n    WScript.Sleep 5000\r\n    \tsession.findById(\\\"wnd[0]/usr/txtRSYST-MANDT\\\").text = cliente \r\n    \tSession.findById(\\\"wnd[0]/usr/txtRSYST-BNAME\\\").text = user\r\n    \tSession.findById(\\\"wnd[0]/usr/pwdRSYST-BCODE\\\").text = password\r\n    \tsession.findById(\\\"wnd[0]/usr/txtRSYST-LANGU\\\").text = \\\"ES\\\"\r\n    \tSession.findById(\\\"wnd[0]/tbar[0]/btn[0]\\\").press\r\n   WScript.Sleep 5000\r\n\r\nEnd Sub\r\n\r\n\r\nFunction FileExists(filePath)\r\n    Set fso = CreateObject(\\\"Scripting.FileSystemObject\\\")\r\n    If fso.FileExists(filePath) Then \r\n        FileExists = True \r\n    Else\r\n        FileExists = False\r\n    End If\r\nEnd Function\r\n\r\n\r\nSub ExecuteAndWaitForSAP()\r\n    \\' Run saplogon bin\r\n    WScript.CreateObject(\\\"WScript.Shell\\\").Run Chr(34) &amp; SAP_GUI_PATH &amp; Chr(34), 2\r\n\r\n    \\' Wait to be initialized\r\n    isSapInitialized = False\r\n    Do While Not isSapInitialized\r\n        isSapInitialized = IsProcessRunning(SAP_BIN)\r\n    Loop\r\n    \r\n    WScript.Sleep 3000\r\nEnd Sub\r\n\r\nFunction IsProcessRunning(targetProcess)\r\n    Set WMIService = GetObject(\\\"winmgmts:\\\\\\\\.\\\\root\\\\cimv2\\\")\r\n    query = \\\"SELECT * FROM Win32_Process\\\"\r\n    Set items = WMIService.ExecQuery(query)\r\n\r\n    For Each item In items\r\n        If item.Name = targetProcess Then\r\n            IsProcessRunning = True\r\n            Exit Function\r\n        End If\r\n    Next\r\n\r\n    IsProcessRunning = False\r\nEnd Function\r\n\r\n\r\n\r\n''' ScriptOutput=&gt; VBScriptOutput\r\n# *******Entar en la APP ME2N\r\nWAIT 2\r\n# *****Ejecutar Reporte\r\n@@copilotGeneratedAction: 'False'\r\nScripting.RunVBScript.RunVBScript VBScriptCode: $'''If Not IsObject(application) Then\r\n   Set SapGuiAuto  = GetObject(\\\"SAPGUI\\\")\r\n   Set application = SapGuiAuto.GetScriptingEngine\r\nEnd If\r\nIf Not IsObject(connection) Then\r\n   Set connection = application.Children(0)\r\nEnd If\r\nIf Not IsObject(session) Then\r\n   Set session    = connection.Children(0)\r\nEnd If\r\nIf IsObject(WScript) Then\r\n   WScript.ConnectObject session,     \\\"on\\\"\r\n   WScript.ConnectObject application, \\\"on\\\"\r\nEnd If\r\nsession.findById(\\\"wnd[0]\\\").maximize\r\nsession.findById(\\\"wnd[0]/tbar[0]/okcd\\\").text = \\\"ME2N\\\"\r\nsession.findById(\\\"wnd[0]\\\").sendVKey 0''' ScriptOutput=&gt; VBScriptOutput2\r\nWAIT 2\r\nScripting.RunVBScript.RunVBScript VBScriptCode: $'''If Not IsObject(application) Then\r\n   Set SapGuiAuto  = GetObject(\\\"SAPGUI\\\")\r\n   Set application = SapGuiAuto.GetScriptingEngine\r\nEnd If\r\nIf Not IsObject(connection) Then\r\n   Set connection = application.Children(0)\r\nEnd If\r\nIf Not IsObject(session) Then\r\n   Set session    = connection.Children(0)\r\nEnd If\r\nIf IsObject(WScript) Then\r\n   WScript.ConnectObject session,     \\\"on\\\"\r\n   WScript.ConnectObject application, \\\"on\\\"\r\nEnd If\r\nsession.findById(\\\"wnd[0]\\\").maximize\r\nsession.findById(\\\"wnd[0]/tbar[1]/btn[17]\\\").press\r\nsession.findById(\\\"wnd[1]/usr/txtV-LOW\\\").text = \\\"EVA\\\"\r\nsession.findById(\\\"wnd[1]/usr/txtV-LOW\\\").caretPosition = 3\r\nsession.findById(\\\"wnd[1]/tbar[0]/btn[8]\\\").press\r\nsession.findById(\\\"wnd[0]/tbar[1]/btn[8]\\\").press\r\nsession.findById(\\\"wnd[0]\\\").sendVKey 24\r\nsession.findById(\\\"wnd[0]/usr/cntlGRID1/shellcont/shell\\\").setCurrentCell 5,\\\"SUPERFIELD\\\"\r\nsession.findById(\\\"wnd[0]/usr/cntlGRID1/shellcont/shell\\\").selectedRows = \\\"5\\\"\r\nsession.findById(\\\"wnd[0]/usr/cntlGRID1/shellcont/shell\\\").contextMenu\r\nsession.findById(\\\"wnd[0]/usr/cntlGRID1/shellcont/shell\\\").selectContextMenuItem \\\"&amp;XXL\\\"\r\nsession.findById(\\\"wnd[1]/tbar[0]/btn[0]\\\").press\r\nsession.findById(\\\"wnd[1]/tbar[0]/btn[11]\\\").press\r\n''' ScriptOutput=&gt; VBScriptOutput5\r\n# ******Exportar a Excel.\r\nWAIT 2\r\nWAIT 2\r\nScripting.RunVBScript.RunVBScript VBScriptCode: $'''Dim objExcel, objWorkbook, objWorksheet\r\nDim lastRow, lastCol\r\nDim rng\r\n\r\n\\' Crear una instancia de Excel\r\nSet objExcel = CreateObject(\\\"Excel.Application\\\")\r\n\r\n\\' Abrir el archivo de Excel\r\nSet objWorkbook = objExcel.Workbooks.Open(\\\"C:\\\\TEMP\\\\EXPORT.xlsx\\\")\r\n\r\n\\' Seleccionar la primera hoja\r\nSet objWorksheet = objWorkbook.Sheets(1)\r\n\r\n\\' Obtener la última fila y columna con datos\r\nlastRow = objWorksheet.Cells(objWorksheet.Rows.Count, 1).End(-4162).Row\r\nlastCol = objWorksheet.Cells(1, objWorksheet.Columns.Count).End(-4159).Column\r\n\r\n\\' Seleccionar el rango de todas las celdas con datos\r\nSet rng = objWorksheet.Range(objWorksheet.Cells(1, 1), objWorksheet.Cells(lastRow, lastCol))\r\n\r\n\\' Reemplazar comas con cadenas vacías\r\nrng.Replace \\\",\\\", \\\"\\\"\r\nrng.Replace \\\"\\\"\\\"\\\", \\\"\\\"\r\n\r\n\\' Cambiar el formato de la columna F a Número\r\nobjWorksheet.Columns(\\\"K\\\").NumberFormat = \\\"0.00\\\"\r\nobjWorksheet.Columns(\\\"Q\\\").NumberFormat = \\\"0.00\\\"\r\nobjWorksheet.Columns(\\\"R\\\").NumberFormat = \\\"0.00\\\"\r\nobjWorksheet.Columns(\\\"Y\\\").NumberFormat = \\\"0.00\\\"\r\nobjWorksheet.Columns(\\\"M\\\").NumberFormat = \\\"0.00\\\"\r\nobjWorksheet.Columns(\\\"L\\\").NumberFormat = \\\"0.00\\\"\r\nobjWorksheet.Columns(\\\"I\\\").NumberFormat = \\\"0.00\\\"\r\n\r\n\\' Columnas de FECHA como TEXTO (B, E, F)\r\nobjWorksheet.Columns(\\\"B\\\").NumberFormat = \\\"dd/mm/yyyy\\\"\r\nobjWorksheet.Columns(\\\"E\\\").NumberFormat = \\\"dd/mm/yyyy\\\"\r\nobjWorksheet.Columns(\\\"F\\\").NumberFormat = \\\"dd/mm/yyyy\\\"\r\n\r\n\r\n\\' Guardar el archivo como CSV\r\nobjWorkbook.SaveAs \\\"C:\\\\TEMP\\\\EXPORT.csv\\\", 6  \\' 6 es el valor para el formato CSV\r\n\r\n\r\n\\' Guardar y cerrar el archivo\r\nobjWorkbook.Save\r\n\\'objWorkbook.Close False\r\n\r\n\\' Cerrar Excel\r\nobjExcel.Quit\r\n\r\n\\' Liberar objetos\r\nSet objWorksheet = Nothing\r\nSet objWorkbook = Nothing\r\nSet objExcel = Nothing''' ScriptOutput=&gt; VBScriptOutput\r\nDatabase.Connect ConnectionString: $'''Provider=SQLOLEDB.1;Integrated Security=SSPI;Persist Security Info=False;Initial Catalog=DatosOperativos;Data Source=LEON-EVA\\\\SQLEXPRESS''' Connection=&gt; SQLConnection\r\nDatabase.ExecuteSqlStatement.Execute Connection: SQLConnection Statement: $'''BEGIN TRY \r\n\t      --Eliinar la tabla temporal\r\n\t      Truncate table t_tbl_ContratoSAP\r\n\t\t\r\n\t       --Insertar el archivo descargado\r\n\t\tBULK INSERT t_tbl_ContratoSAP\r\n\t\tFROM \\'C:\\\\TEMP\\\\EXPORT.csv\\'\r\n\t\tWITH (\r\n\t\t\tFIELDTERMINATOR = \\',\\',  -- Especifica el delimitador de campo\r\n\t\t\tROWTERMINATOR = \\'\\\\n\\',   -- Especifica el delimitador de fila\r\n\t\t\tFIRSTROW = 2            -- Si el archivo CSV tiene encabezado\r\n\t\t);\r\n\r\n\t\t--Borrar de la Base de datos EDRSUITE_DB la tabla.\r\n\t\tdelete from  EDRSUITE_DB.EDRSUITE_DB.dbo.t_tbl_ContratoSAP\r\n\t\t\r\n\t\t--Insertar los datos Actualizados en la tabla de la EDRSUITE_DB\r\n\t\tInsert  Into EDRSUITE_DB.EDRSUITE_DB.dbo.t_tbl_ContratoSAP\r\n\t\tSelect * From t_tbl_ContratoSAP\r\n\t\t\r\n    \r\n\r\nEND TRY\r\nBEGIN CATCH\r\n   \r\n\r\n\r\n    SELECT \r\n        ERROR_NUMBER() AS numeroError,\r\n        ERROR_STATE() AS Error_Estado,\r\n        ERROR_LINE() AS Linea_Error,\r\n        ERROR_MESSAGE() AS Mensaje_Error;\r\nEND CATCH;''' Timeout: 240 Result=&gt; QueryResult2\r\nDatabase.Close Connection: SQLConnection\r\n@@location: 'Group chat'\r\n@@'body/recipient': 'Event Log'\r\n@@'InputSchema:body': '584060017'\r\n@@connectionDisplayName: 'Microsoft Teams p004_SP_Catalogo_Vehiculos-7ec1f'\r\nExternal.InvokeCloudConnector Connection: 'd8da664d-b05f-45df-b622-560cbc452d74' ConnectorId: '/providers/Microsoft.PowerApps/apis/shared_teams' OperationId: 'PostMessageToConversation' @poster: $'''User''' @location: $'''Group chat''' @'body/recipient': $'''19:5d8c5b44aea04ea9ac9cc00a2c4d425a@thread.v2''' @'body/messageBody': $'''Se migaron Contrato de Manera correcta''' @PostMessageToConversationResponse=&gt; PostMessageToConversationResponse\r\nFUNCTION 'migrar a sql' GLOBAL\r\n    Database.Connect ConnectionString: $'''Provider=SQLOLEDB.1;Integrated Security=SSPI;Persist Security Info=False;Initial Catalog=DatosOperativos;Data Source=LEON-EVA\\\\SQLEXPRESS''' Connection=&gt; SQLConnection\r\n    # Aqui deberia tomar el excel descargado de SAP para convertirlo a csv, o tomar el csv directamente\r\n    File.ReadFromCSVFile.ReadCSV CSVFile: $'''C:\\\\Users\\\\Eva\\\\Downloads\\\\EXPORT.csv''' Encoding: File.CSVEncoding.UTF8 TrimFields: True FirstLineContainsColumnNames: False ColumnsSeparator: File.CSVColumnsSeparator.SystemDefault CSVTable=&gt; CSVTable\r\n    Text.SplitText.Split Text: CSVTable StandardDelimiter: Text.StandardDelimiter.NewLine DelimiterTimes: 1 Result=&gt; ListaFilas\r\n    SET index TO 0\r\n    DISABLE LOOP FOREACH CurrentItem IN ListaFilas\r\n        DISABLE Text.SplitText.SplitWithDelimiter Text: CurrentItem CustomDelimiter: $''',''' IsRegEx: False Result=&gt; listaColumnas\r\n        DISABLE SET OrganizadorCompras TO listaColumnas[0]\r\n        DISABLE SET FechaDocumento TO listaColumnas[1]\r\n        DISABLE SET DocumentoCompras TO listaColumnas[2]\r\n        DISABLE SET Posicion TO listaColumnas[3]\r\n        DISABLE SET InPeriodoValidez TO listaColumnas[4]\r\n        DISABLE SET FinPeriodoValidez TO listaColumnas[5]\r\n        DISABLE SET IndicadorDeBorrado TO listaColumnas[6]\r\n        DISABLE SET Proveedor_CentroSuministrador TO listaColumnas[7]\r\n        DISABLE SET CantidadPrevista TO listaColumnas[8]\r\n        DISABLE SET UnidadMedidaPedido TO listaColumnas[9]\r\n        DISABLE SET PrecioNeto TO listaColumnas[10]\r\n        DISABLE SET Val_Sol_Ord_Entrega TO listaColumnas[11]\r\n        DISABLE SET Val_Prev TO listaColumnas[12]\r\n        DISABLE SET Moneda TO listaColumnas[13]\r\n        DISABLE SET Material TO listaColumnas[14]\r\n        DISABLE SET Texto_Breve TO listaColumnas[15]\r\n        DISABLE SET Ctd_Prevista_Pendiente TO listaColumnas[16]\r\n        DISABLE SET Ctd_Prevista_Pendiente TO listaColumnas[17]\r\n        DISABLE SET Cuenta_De_Mayor TO listaColumnas[18]\r\n        DISABLE SET Tipo_Imputacion TO listaColumnas[19]\r\n        DISABLE SET Centro_de_Coste TO listaColumnas[20]\r\n        DISABLE SET Orden TO listaColumnas[21]\r\n        DISABLE SET ElementoPEP TO listaColumnas[22]\r\n        DISABLE SET GrupoDeCompras TO listaColumnas[23]\r\n        DISABLE SET ValorPendienteTotal TO listaColumnas[24]\r\n        DISABLE IF index &lt;&gt; 0 THEN\r\n            DISABLE Database.ExecuteSqlStatement.Execute Connection: SQLConnection Statement: $'''SET Variable \\'sqlQuery\\' = \\\"\r\nINSERT INTO P004_T01_ContratosNuevo (\r\n    Organizacion,\r\n    Fecha,\r\n    Documento_compras,\r\n    Posicion,\r\n    Inicio_Periodo,\r\n    Fin_Periodo,\r\n    Indicador_Borrado,\r\n    Proveedor_CentroSuministrador,\r\n    Cantidad_Prevista,\r\n    Unidad_Medida,\r\n    Precio_Neto,\r\n    Val_Sol_Ord_Entrg,\r\n    Val_Prev,\r\n    Moneda,\r\n    Material,\r\n    Texto_Breve,\r\n    Cantidad_Prev_Pendiente,\r\n    Val_Pendiente,\r\n    Cuenta_de_Mayor,\r\n    Tipo,\r\n    Centro_de_Coste,\r\n    Orden,\r\n    Elemento_PEP,\r\n    Grupo,\r\n    Valor\r\n) VALUES (\r\n    \\'\\\"%OrganizadorCompras%\\\"\\', \r\n    \\'\\\"%FechaDocumento%\\\"\\', \r\n    \\'\\\"%DocumentoCompras%\\\"\\', \r\n    \\\"%Posicion%\\\", \r\n    \\'\\\"%InPeriodoValidez%\\\"\\', \r\n    \\'\\\"%FinPeriodoValidez%\\\"\\', \r\n    \\'\\\" %IndicadorDeBorrado% \\\"\\', \r\n    \\'\\\" %Proveedor_CentroSuministrador% \\\"\\', \r\n    \\\" %CantidadPrevista% \\\", \r\n    \\'\\\" %UnidadMedidaPedido% \\\"\\', \r\n    \\\" %PrecioNeto% \\\", \r\n    \\\" %Val_Sol_Ord_Entrega% \\\", \r\n    \\\" %Val_Prev% \\\", \r\n    \\'\\\" %Moneda% \\\"\\', \r\n    \\'\\\" %Material% \\\"\\', \r\n    \\'\\\" %Texto_Breve% \\\"\\', \r\n    \\\" %CantidadPrevista% \\\", \r\n    \\\"  \\\", \r\n    \\'\\\" &amp; {Cuenta_de_Mayor} &amp; \\\"\\', \r\n    \\'\\\" &amp; {Tipo} &amp; \\\"\\', \r\n    \\'\\\" &amp; {Centro_de_Coste} &amp; \\\"\\', \r\n    \\'\\\" &amp; {Orden} &amp; \\\"\\', \r\n    \\'\\\" &amp; {Elemento_PEP} &amp; \\\"\\', \r\n    \\'\\\" &amp; {Grupo} &amp; \\\"\\', \r\n    \\\" &amp; {Valor} &amp; \\\" \r\n);\\\"''' Timeout: 30 Result=&gt; QueryResult\r\n        DISABLE END\r\n        DISABLE Variables.IncreaseVariable Value: index IncrementValue: 1\r\n    DISABLE END\r\n    # una vez guardadas las columnas, en esta parte tendra que insertarse cada fila a sql con las columnas ya guardadas en una sentencia sql\r\nEND FUNCTION\r\nFUNCTION migrar_2 GLOBAL\r\n    Database.Connect ConnectionString: $'''Provider=SQLOLEDB.1;Integrated Security=SSPI;Persist Security Info=False;Initial Catalog=DatosOperativos;Data Source=LEON-EVA\\\\SQLEXPRESS''' Connection=&gt; SQLConnection\r\n    # Aqui deberia tomar el excel descargado de SAP para convertirlo a csv, o tomar el csv directamente\r\n    File.ReadFromCSVFile.ReadCSV CSVFile: $'''C:\\\\Users\\\\Eva\\\\Downloads\\\\EXPORT.csv''' Encoding: File.CSVEncoding.UTF8 TrimFields: True FirstLineContainsColumnNames: False ColumnsSeparator: File.CSVColumnsSeparator.SystemDefault CSVTable=&gt; CSVTable\r\n    Text.SplitText.Split Text: CSVTable StandardDelimiter: Text.StandardDelimiter.NewLine DelimiterTimes: 1 Result=&gt; ListaFilas\r\n    SET index TO 0\r\n    Database.ExecuteSqlStatement.Execute Connection: SQLConnection Statement: $'''BULK INSERT P004_T01_ContratosNuevo\r\nFROM \\'C:\\\\Users\\\\Eva\\\\Downloads\\\\EXPORT.csv\\'\r\nWITH (\r\n    FORMAT = \\'CSV\\',\r\n    FIRSTROW = 2, -- Cambia a 1 si el archivo no tiene encabezado\r\n    FIELDTERMINATOR = \\',\\', \r\n    ROWTERMINATOR = \\'\\\\n\\',  \r\n    TABLOCK\r\n);\r\n''' Timeout: 30 Result=&gt; QueryResult\r\nEND FUNCTION\r\nFUNCTION 'Borrar Archivos' GLOBAL\r\n    Folder.GetFiles Folder: $'''C:\\\\TEMP''' FileFilter: $'''export.*''' IncludeSubfolders: False FailOnAccessDenied: True SortBy1: Folder.SortBy.NoSort SortDescending1: False SortBy2: Folder.SortBy.NoSort SortDescending2: False SortBy3: Folder.SortBy.NoSort SortDescending3: False Files=&gt; Files3\r\n    SET k TO 0\r\n    LOOP FOREACH CurrentItem2 IN Files3\r\n        SET ruta2 TO Files3[k]\r\n        File.Delete Files: ruta2\r\n        Variables.IncreaseVariable Value: k IncrementValue: 1\r\n    END\r\nEND FUNCTION\r\n"</Definition>
      <SchemaVersion>2022.07</SchemaVersion>
      <Claims>[{"name":"connectors.execution.teams.PostMessageToConversation"},{"name":"connectors.swagger.teams"}]</Claims>
      <DesktopFlowModules>[]</DesktopFlowModules>
      <Credentials>[]</Credentials>
      <PrimaryEntity>none</PrimaryEntity>
      <LocalizedNames>
        <LocalizedName languagecode="1033" description="P004_Migar Contatos SAP - SQL" />
      </LocalizedNames>
    </Workflow>
    <Workflow WorkflowId="{2d7e50bc-d7a0-4ece-ba8a-d0c4de1793af}" Name="Textos Largos de Materiales">
      <JsonFileName>/Workflows/TextosLargosdeMateriales-2D7E50BC-D7A0-4ECE-BA8A-D0C4DE1793AF.json</JsonFileName>
      <Type>1</Type>
      <Subprocess>0</Subprocess>
      <Category>6</Category>
      <Mode>0</Mode>
      <Scope>4</Scope>
      <OnDemand>0</OnDemand>
      <TriggerOnCreate>0</TriggerOnCreate>
      <TriggerOnDelete>0</TriggerOnDelete>
      <AsyncAutodelete>0</AsyncAutodelete>
      <SyncWorkflowLogOnFailure>0</SyncWorkflowLogOnFailure>
      <StateCode>1</StateCode>
      <StatusCode>2</StatusCode>
      <RunAs>1</RunAs>
      <IsTransacted>1</IsTransacted>
      <IntroducedVersion>1.0</IntroducedVersion>
      <IsCustomizable>1</IsCustomizable>
      <BusinessProcessType>0</BusinessProcessType>
      <UIFlowType>2</UIFlowType>
      <IsCustomProcessingStepAllowedForOtherPublishers>1</IsCustomProcessingStepAllowedForOtherPublishers>
      <ModernFlowType>0</ModernFlowType>
      <Metadata>{"clientversion":"2.58.163.25188","isvalid":true,"$schema":"https://schema.management.azure.com/providers/Microsoft.Logic/schemas/2016-06-01/workflowdefinition.json#","schemaVersion":"ROBIN_20211012","containsActiveConnections":true,"containsGptPredictActions":false,"containsActiveCopilotActions":false,"containsActiveWorkQueuesActions":false,"containsActiveLogMessageActions":false,"containsActiveCredentialsActions":false,"multipleRequestsState":0,"scriptType":0,"disableScreenshotCaptureOnError":false,"missingUiElementRepairType":null,"flowTimeout":null,"screenResolution":null,"flowLogsVerbosity":null}</Metadata>
      <Inputs>{"schema":null}</Inputs>
      <Outputs>{"schema":null}</Outputs>
      <Dependencies>{"childFlows":[],"workQueues":[],"environmentVariables":[],"requiredBinaries":["5362d3ec-959c-4870-b332-ae5168ee3e8a","5b4fbfc7-cfa9-44c5-ac57-7635cffdd5ac","7bc55a66-57f2-4b12-9118-93b6c17aad8a","7cc760b8-8ee1-459e-a56c-39bb5c02542c","81445b51-620e-42b7-8ccf-90db713579db"]}</Dependencies>
      <ConnectionReferences>[{"api":{"name":"/providers/Microsoft.PowerApps/apis/shared_teams"},"displayName":"Microsoft Teams p004_SP_Catalogo_Vehiculos-7ec1f","isDisabled":false,"connectionReferenceLogicalName":"crfc1_sharedteams_7ec1f","name":"shared-teams-c1632e66-8d5d-4149-917c-8dfab36273d7","connectionDisplayName":"eva@edrsilver.com","ownerId":null,"padInternalId":"67eeed75-7398-4c6f-b158-fc44fdc131d2","isEmbedded":false}]</ConnectionReferences>
      <Definition>"@@ConnectionString: ''\r\n@@Type: 'Local'\r\n@@DesktopType: 'local'\r\n@@DisplayName: 'Equipo local'\r\nIMPORT 'controlRepo.appmask' AS appmask\r\nIMPORT 'imageRepo.imgrepo' AS imgrepo\r\n@SENSITIVE: []\r\n# Abrir SAP\r\nCALL 'Borrar Archivos'\r\nScripting.RunVBScript.RunVBScript VBScriptCode: $'''\r\n\\'SAP\r\nSAP_BIN = \\\"saplogon.exe\\\"\r\nSAP_GUI_PATH = \\\"C:\\\\Program Files (x86)\\\\SAP\\\\FrontEnd\\\\SAPgui\\\\saplogon.exe\\\"\r\n\\'Connections\r\nlk0_sso = \\\"PS4\\\"\r\nlk0_auth = \\\"PS4\\\"\r\n\\' Auth\r\nuser = \\\"EVA_BOT\\\"\r\npassword = \\\"3nD43v0ur$1lv3r\\\"\r\n\r\nMain\r\n\r\nSub Main()\r\n\r\nIf Not FileExists(SAP_GUI_PATH) Then\r\n        MsgBox \\\"El archivo no existe en la ruta especificada.\\\", vbExclamation, \\\"Archivo no encontrado\\\"\r\nEnd If\r\n\r\nExecuteAndWaitForSAP\r\n\r\n    \\' SapGuiApplication\r\nSet root = GetObject(\\\"SAPGUI\\\")\r\nSet Application = root.GetScriptingEngine\r\n\r\n    \\' Open sync connection\r\n    \\'\r\n    \\' Without SSO\r\nSet Connection = Application.OpenConnection(lk0_auth, True)\r\nSet Session = Connection.Children(0)\r\n    Session.findById(\\\"wnd[0]/usr/txtRSYST-BNAME\\\").text = user\r\n    Session.findById(\\\"wnd[0]/usr/pwdRSYST-BCODE\\\").text = password\r\n    Session.findById(\\\"wnd[0]/tbar[0]/btn[0]\\\").press\r\n\r\nEnd Sub\r\n\r\n\r\nFunction FileExists(filePath)\r\n    Set fso = CreateObject(\\\"Scripting.FileSystemObject\\\")\r\n    If fso.FileExists(filePath) Then \r\n        FileExists = True \r\n    Else\r\n        FileExists = False\r\n    End If\r\nEnd Function\r\n\r\n\r\nSub ExecuteAndWaitForSAP()\r\n    \\' Run saplogon bin\r\n    WScript.CreateObject(\\\"WScript.Shell\\\").Run Chr(34) &amp; SAP_GUI_PATH &amp; Chr(34), 2\r\n\r\n    \\' Wait to be initialized\r\n    isSapInitialized = False\r\n    Do While Not isSapInitialized\r\n        isSapInitialized = IsProcessRunning(SAP_BIN)\r\n    Loop\r\n    \r\n    WScript.Sleep 3000\r\nEnd Sub\r\n\r\nFunction IsProcessRunning(targetProcess)\r\n    Set WMIService = GetObject(\\\"winmgmts:\\\\\\\\.\\\\root\\\\cimv2\\\")\r\n    query = \\\"SELECT * FROM Win32_Process\\\"\r\n    Set items = WMIService.ExecQuery(query)\r\n\r\n    For Each item In items\r\n        If item.Name = targetProcess Then\r\n            IsProcessRunning = True\r\n            Exit Function\r\n        End If\r\n    Next\r\n\r\n    IsProcessRunning = False\r\nEnd Function\r\n\r\n\r\n''' ScriptOutput=&gt; VBScriptOutput\r\n# Z_PO_MM_LONGTEXT\r\nScripting.RunVBScript.RunVBScript VBScriptCode: $'''If Not IsObject(application) Then\r\n   Set SapGuiAuto  = GetObject(\\\"SAPGUI\\\")\r\n   Set application = SapGuiAuto.GetScriptingEngine\r\nEnd If\r\nIf Not IsObject(connection) Then\r\n   Set connection = application.Children(0)\r\nEnd If\r\nIf Not IsObject(session) Then\r\n   Set session    = connection.Children(0)\r\nEnd If\r\nIf IsObject(WScript) Then\r\n   WScript.ConnectObject session,     \\\"on\\\"\r\n   WScript.ConnectObject application, \\\"on\\\"\r\nEnd If\r\nsession.findById(\\\"wnd[0]\\\").maximize\r\nsession.findById(\\\"wnd[0]/tbar[0]/okcd\\\").text = \\\"/n Z_PO_MM_LONGTEXT\\\"\r\nsession.findById(\\\"wnd[0]\\\").sendVKey 0\r\nsession.findById(\\\"wnd[0]\\\").maximize\r\nsession.findById(\\\"wnd[0]/tbar[1]/btn[17]\\\").press\r\nsession.findById(\\\"wnd[1]/usr/cntlALV_CONTAINER_1/shellcont/shell\\\").selectedRows = \\\"0\\\"\r\nsession.findById(\\\"wnd[1]/usr/cntlALV_CONTAINER_1/shellcont/shell\\\").doubleClickCurrentCell\r\nsession.findById(\\\"wnd[0]/tbar[1]/btn[8]\\\").press\r\nsession.findById(\\\"wnd[0]/usr/cntlGRID1/shellcont/shell/shellcont[1]/shell\\\").currentCellRow = 8\r\nsession.findById(\\\"wnd[0]/usr/cntlGRID1/shellcont/shell/shellcont[1]/shell\\\").selectedRows = \\\"8\\\"\r\nsession.findById(\\\"wnd[0]/usr/cntlGRID1/shellcont/shell/shellcont[1]/shell\\\").contextMenu\r\nsession.findById(\\\"wnd[0]/usr/cntlGRID1/shellcont/shell/shellcont[1]/shell\\\").selectContextMenuItem \\\"&amp;XXL\\\"\r\nsession.findById(\\\"wnd[1]/tbar[0]/btn[0]\\\").press\r\nsession.findById(\\\"wnd[1]/tbar[0]/btn[11]\\\").press\r\n''' ScriptOutput=&gt; VBScriptOutput2\r\n# Crear el csv\r\nScripting.RunVBScript.RunVBScript VBScriptCode: $'''Dim objExcel, objWorkbook, objWorksheet\r\nDim lastRow, lastCol\r\nDim rng\r\n\r\n\\' Crear una instancia de Excel\r\nSet objExcel = CreateObject(\\\"Excel.Application\\\")\r\n\r\n\\' Abrir el archivo de Excel\r\nSet objWorkbook = objExcel.Workbooks.Open(\\\"C:\\\\TEMP\\\\EXPORT.XLSX\\\")\r\n\r\n\\' Seleccionar la primera hoja\r\nSet objWorksheet = objWorkbook.Sheets(1)\r\n\r\n\\' Obtener la última fila y columna con datos\r\nlastRow = objWorksheet.Cells(objWorksheet.Rows.Count, 1).End(-4162).Row\r\nlastCol = objWorksheet.Cells(1, objWorksheet.Columns.Count).End(-4159).Column\r\n\r\n\\' Seleccionar el rango de todas las celdas con datos\r\nSet rng = objWorksheet.Range(objWorksheet.Cells(1, 1), objWorksheet.Cells(lastRow, lastCol))\r\n\r\n\\' Reemplazar comas con cadenas vacías\r\nrng.Replace \\\",\\\", \\\"\\\"\r\n\r\n\\' Guardar el archivo como CSV\r\nobjWorkbook.SaveAs \\\"C:\\\\TEMP\\\\EXPORT.csv\\\", 6  \\' 6 es el valor para el formato CSV\r\n\r\n\r\n\\' Guardar y cerrar el archivo\r\nobjWorkbook.Save\r\nobjWorkbook.Close False\r\n\r\n\\' Cerrar Excel\r\nobjExcel.Quit\r\n\r\n\\' Liberar objetos\r\nSet objWorksheet = Nothing\r\nSet objWorkbook = Nothing\r\nSet objExcel = Nothing''' ScriptOutput=&gt; VBScriptOutput3\r\nDatabase.Connect ConnectionString: $'''Provider=SQLOLEDB.1;Integrated Security=SSPI;Persist Security Info=False;Initial Catalog=DatosOperativos;Data Source=LEON-EVA\\\\SQLEXPRESS''' Connection=&gt; SQLConnection\r\nDatabase.ExecuteSqlStatement.Execute Connection: SQLConnection Statement: $'''\r\ntruncate table TEMP_TblMMTextoLargo\r\n\r\n\tBULK INSERT TEMP_TblMMTextoLargo\r\n\tFrom \\'C:\\\\TEMP\\\\EXPORT.csv\\'\r\n\tWITH (\r\n\t\tFIELDTERMINATOR = \\',\\',  -- Especifica el delimitador de campo\r\n\t\tROWTERMINATOR = \\'\\\\n\\',   -- Especifica el delimitador de fila\r\n\t\tFIRSTROW = 2            -- Si el archivo CSV tiene encabezado\r\n\t);\r\n\r\n\r\nDELETE EDRSUITE_DB.EDRSUITE_DB.dbo.Cat_MaterialNombreLargo\r\n\r\nINSERT into EDRSUITE_DB.EDRSUITE_DB.dbo.Cat_MaterialNombreLargo\r\nSelect * from TEMP_TblMMTextoLargo \r\n''' Timeout: 300 Result=&gt; QueryResult\r\nDatabase.Close Connection: SQLConnection\r\nDISABLE CALL 'Borrar Archivos'\r\n@@location: 'Group chat'\r\n@@'body/recipient': 'Event Log'\r\n@@'InputSchema:body': '1005653810'\r\n@@connectionDisplayName: 'Microsoft Teams p004_SP_Catalogo_Vehiculos-7ec1f'\r\nExternal.InvokeCloudConnector Connection: '67eeed75-7398-4c6f-b158-fc44fdc131d2' ConnectorId: '/providers/Microsoft.PowerApps/apis/shared_teams' OperationId: 'PostMessageToConversation' @poster: $'''User''' @location: $'''Group chat''' @'body/recipient': $'''19:5d8c5b44aea04ea9ac9cc00a2c4d425a@thread.v2''' @'body/messageBody': $'''Se Actualizaron Textos Largos corretamente''' @PostMessageToConversationResponse=&gt; PostMessageToConversationResponse\r\nFUNCTION 'Borrar Archivos' GLOBAL\r\n    SET k TO 0\r\n    Folder.GetFiles Folder: $'''C:\\\\TEMP''' FileFilter: $'''Export.*''' IncludeSubfolders: False FailOnAccessDenied: True SortBy1: Folder.SortBy.NoSort SortDescending1: False SortBy2: Folder.SortBy.NoSort SortDescending2: False SortBy3: Folder.SortBy.NoSort SortDescending3: False Files=&gt; Files3\r\n    LOOP FOREACH CurrentItem2 IN Files3\r\n        SET ruta2 TO Files3[k]\r\n        File.Delete Files: ruta2\r\n        Variables.IncreaseVariable Value: k IncrementValue: 1\r\n    END\r\nEND FUNCTION\r\n"</Definition>
      <SchemaVersion>2022.07</SchemaVersion>
      <Claims>[{"name":"connectors.execution.teams.PostMessageToConversation"},{"name":"connectors.swagger.teams"}]</Claims>
      <DesktopFlowModules>[]</DesktopFlowModules>
      <Credentials>[]</Credentials>
      <PrimaryEntity>none</PrimaryEntity>
      <LocalizedNames>
        <LocalizedName languagecode="1033" description="Textos Largos de Materiales" />
      </LocalizedNames>
    </Workflow>
    <Workflow WorkflowId="{aed0b3e6-ff6b-f011-b4cb-002248b01eb3}" Name="P004 Actualizar Información de Contratos">
      <JsonFileName>/Workflows/P004ActualizarInformacindeContratos-AED0B3E6-FF6B-F011-B4CB-002248B01EB3.json</JsonFileName>
      <Type>1</Type>
      <Subprocess>0</Subprocess>
      <Category>5</Category>
      <Mode>0</Mode>
      <Scope>4</Scope>
      <OnDemand>0</OnDemand>
      <TriggerOnCreate>0</TriggerOnCreate>
      <TriggerOnDelete>0</TriggerOnDelete>
      <AsyncAutodelete>0</AsyncAutodelete>
      <SyncWorkflowLogOnFailure>0</SyncWorkflowLogOnFailure>
      <StateCode>1</StateCode>
      <StatusCode>2</StatusCode>
      <RunAs>1</RunAs>
      <IsTransacted>1</IsTransacted>
      <IntroducedVersion>1.0.0.0</IntroducedVersion>
      <IsCustomizable>1</IsCustomizable>
      <BusinessProcessType>0</BusinessProcessType>
      <IsCustomProcessingStepAllowedForOtherPublishers>1</IsCustomProcessingStepAllowedForOtherPublishers>
      <ModernFlowType>0</ModernFlowType>
      <PrimaryEntity>none</PrimaryEntity>
      <LocalizedNames>
        <LocalizedName languagecode="1033" description="P004 Actualizar Información de Contratos" />
      </LocalizedNames>
    </Workflow>
    <Workflow WorkflowId="{6f269dac-cf81-4fa3-942f-750c1120063c}" Name="P004_Migrar Nombre Largos de Materiales">
      <JsonFileName>/Workflows/P004_MigrarNombreLargosdeMateriales-6F269DAC-CF81-4FA3-942F-750C1120063C.json</JsonFileName>
      <Type>1</Type>
      <Subprocess>0</Subprocess>
      <Category>6</Category>
      <Mode>0</Mode>
      <Scope>4</Scope>
      <OnDemand>0</OnDemand>
      <TriggerOnCreate>0</TriggerOnCreate>
      <TriggerOnDelete>0</TriggerOnDelete>
      <AsyncAutodelete>0</AsyncAutodelete>
      <SyncWorkflowLogOnFailure>0</SyncWorkflowLogOnFailure>
      <StateCode>1</StateCode>
      <StatusCode>2</StatusCode>
      <RunAs>1</RunAs>
      <IsTransacted>1</IsTransacted>
      <IntroducedVersion>1.0</IntroducedVersion>
      <IsCustomizable>1</IsCustomizable>
      <BusinessProcessType>0</BusinessProcessType>
      <UIFlowType>2</UIFlowType>
      <IsCustomProcessingStepAllowedForOtherPublishers>1</IsCustomProcessingStepAllowedForOtherPublishers>
      <ModernFlowType>0</ModernFlowType>
      <Metadata>{"clientversion":"2.55.158.25087","isvalid":true,"$schema":"https://schema.management.azure.com/providers/Microsoft.Logic/schemas/2016-06-01/workflowdefinition.json#","schemaVersion":"ROBIN_20211012","containsActiveConnections":false,"containsGptPredictActions":false,"containsActiveCopilotActions":false,"containsActiveWorkQueuesActions":false,"containsActiveLogMessageActions":false,"containsActiveCredentialsActions":false,"multipleRequestsState":0,"scriptType":0,"disableScreenshotCaptureOnError":false,"missingUiElementRepairType":null,"flowTimeout":null,"screenResolution":null,"flowLogsVerbosity":null}</Metadata>
      <Inputs>{"schema":null}</Inputs>
      <Outputs>{"schema":null}</Outputs>
      <Dependencies>{"childFlows":[],"workQueues":[],"environmentVariables":[],"requiredBinaries":["8403104f-1b26-463a-89b2-2e2a1f5fa9b9","32de2bf0-2a87-42cf-a020-a708f3791727","da76d152-94eb-4fea-8072-879a0043d11e","ebcd47d4-a836-44ef-8305-22b4694c581b"]}</Dependencies>
      <ConnectionReferences>[]</ConnectionReferences>
      <Definition>"@@ConnectionString: ''\r\n@@Type: 'Local'\r\n@@DesktopType: 'local'\r\n@@DisplayName: 'Equipo local'\r\nIMPORT 'controlRepo.appmask' AS appmask\r\nIMPORT 'imageRepo.imgrepo' AS imgrepo\r\n@SENSITIVE: []\r\nScripting.RunVBScript.RunVBScript VBScriptCode: $'''\\'SAP\r\nSAP_BIN = \\\"saplogon.exe\\\"\r\nSAP_GUI_PATH = \\\"C:\\\\Program Files (x86)\\\\SAP\\\\FrontEnd\\\\SAPgui\\\\saplogon.exe\\\"\r\n\\'Connections\r\nlk0_sso = \\\"PS4\\\"\r\nlk0_auth = \\\"PS4\\\"\r\n\\' Auth\r\ncliente = \\\"010\\\"\r\nuser = \\\"EVA_BOT\\\"\r\npassword = \\\"3nD43v0ur$1lv3r\\\"\r\n\r\n\r\nMain\r\n\r\nSub Main()\r\n\r\n    If Not FileExists(SAP_GUI_PATH) Then\r\n        MsgBox \\\"El archivo no existe en la ruta especificada.\\\", vbExclamation, \\\"Archivo no encontrado\\\"\r\n    End If\r\n\r\n    ExecuteAndWaitForSAP\r\n\r\n    \\' SapGuiApplication\r\n    Set root = GetObject(\\\"SAPGUI\\\")\r\n    Set Application = root.GetScriptingEngine\r\n\r\n    \\' Open sync connection\r\n    \\'\r\n    \\' Without SSO\r\n    Set Connection = Application.OpenConnection(lk0_auth, True)\r\n    Set Session = Connection.Children(0)\r\n    session.findById(\\\"wnd[0]/usr/txtRSYST-MANDT\\\").text = cliente \r\n    Session.findById(\\\"wnd[0]/usr/txtRSYST-BNAME\\\").text = user\r\n    Session.findById(\\\"wnd[0]/usr/pwdRSYST-BCODE\\\").text = password\r\n    session.findById(\\\"wnd[0]/usr/txtRSYST-LANGU\\\").text = \\\"ES\\\"\r\n    Session.findById(\\\"wnd[0]/tbar[0]/btn[0]\\\").press\r\n\r\n\tsession.findById(\\\"wnd[0]\\\").resizeWorkingPane 150,27,false\r\n\tsession.findById(\\\"wnd[0]/tbar[0]/okcd\\\").text = \\\"Z_PO_MM_LONGTEXT\\\"\r\n\tsession.findById(\\\"wnd[0]\\\").sendVKey 0\r\n\tsession.findById(\\\"wnd[0]/usr/ctxtMATNR-LOW\\\").text = \\\"40000000\\\"\r\n\tsession.findById(\\\"wnd[0]/usr/ctxtMATNR-HIGH\\\").text = \\\"49999999\\\"\r\n\tsession.findById(\\\"wnd[0]/usr/ctxtMATNR-HIGH\\\").setFocus\r\n\tsession.findById(\\\"wnd[0]/usr/ctxtMATNR-HIGH\\\").caretPosition = 8\r\n\tsession.findById(\\\"wnd[0]/tbar[1]/btn[8]\\\").press\r\n\tsession.findById(\\\"wnd[0]/usr/cntlGRID1/shellcont/shell/shellcont[1]/shell\\\").currentCellRow = 6\r\n\tsession.findById(\\\"wnd[0]/usr/cntlGRID1/shellcont/shell/shellcont[1]/shell\\\").selectedRows = \\\"6\\\"\r\n\tsession.findById(\\\"wnd[0]/usr/cntlGRID1/shellcont/shell/shellcont[1]/shell\\\").contextMenu\r\n\tsession.findById(\\\"wnd[0]/usr/cntlGRID1/shellcont/shell/shellcont[1]/shell\\\").selectContextMenuItem \\\"&amp;XXL\\\"\r\n\tsession.findById(\\\"wnd[1]/tbar[0]/btn[0]\\\").press\r\n\tsession.findById(\\\"wnd[1]/tbar[0]/btn[11]\\\").press\r\n\r\n\t\r\nEnd Sub\r\n\r\n\r\nFunction FileExists(filePath)\r\n    Set fso = CreateObject(\\\"Scripting.FileSystemObject\\\")\r\n    If fso.FileExists(filePath) Then \r\n        FileExists = True \r\n    Else\r\n        FileExists = False\r\n    End If\r\nEnd Function\r\n\r\n\r\nSub ExecuteAndWaitForSAP()\r\n    \\' Run saplogon bin\r\n    WScript.CreateObject(\\\"WScript.Shell\\\").Run Chr(34) &amp; SAP_GUI_PATH &amp; Chr(34), 2\r\n\r\n    \\' Wait to be initialized\r\n    isSapInitialized = False\r\n    Do While Not isSapInitialized\r\n        isSapInitialized = IsProcessRunning(SAP_BIN)\r\n    Loop\r\n    \r\n    WScript.Sleep 3000\r\nEnd Sub\r\n\r\nFunction IsProcessRunning(targetProcess)\r\n    Set WMIService = GetObject(\\\"winmgmts:\\\\\\\\.\\\\root\\\\cimv2\\\")\r\n    query = \\\"SELECT * FROM Win32_Process\\\"\r\n    Set items = WMIService.ExecQuery(query)\r\n\r\n    For Each item In items\r\n        If item.Name = targetProcess Then\r\n            IsProcessRunning = True\r\n            Exit Function\r\n        End If\r\n    Next\r\n\r\n    IsProcessRunning = False\r\nEnd Function''' ScriptOutput=&gt; VBScriptOutput2\r\nScripting.RunVBScript.RunVBScript VBScriptCode: $'''Dim objExcel, objWorkbook, objWorksheet\r\nDim lastRow, lastCol\r\nDim rng\r\n\r\n\\' Crear una instancia de Excel\r\nSet objExcel = CreateObject(\\\"Excel.Application\\\")\r\n\r\n\\' Abrir el archivo de Excel\r\nSet objWorkbook = objExcel.Workbooks.Open(\\\"C:\\\\TEMP\\\\EXPORT.XLSX\\\")\r\n\r\n\\' Seleccionar la primera hoja\r\nSet objWorksheet = objWorkbook.Sheets(1)\r\n\r\n\\' Obtener la última fila y columna con datos\r\nlastRow = objWorksheet.Cells(objWorksheet.Rows.Count, 1).End(-4162).Row\r\nlastCol = objWorksheet.Cells(1, objWorksheet.Columns.Count).End(-4159).Column\r\n\r\n\\' Seleccionar el rango de todas las celdas con datos\r\nSet rng = objWorksheet.Range(objWorksheet.Cells(1, 1), objWorksheet.Cells(lastRow, lastCol))\r\n\r\n\\' Reemplazar comas con cadenas vacías\r\nrng.Replace \\\",\\\", \\\"\\\"\r\n\r\n\\' Guardar el archivo como CSV\r\nobjWorkbook.SaveAs \\\"C:\\\\TEMP\\\\EXPORT.csv\\\", 6  \\' 6 es el valor para el formato CSV\r\n\r\n\r\n\\' Guardar y cerrar el archivo\r\nobjWorkbook.Save\r\nobjWorkbook.Close False\r\n\r\n\\' Cerrar Excel\r\nobjExcel.Quit\r\n\r\n\\' Liberar objetos\r\nSet objWorksheet = Nothing\r\nSet objWorkbook = Nothing\r\nSet objExcel = Nothing''' ScriptOutput=&gt; VBScriptOutput\r\nDatabase.Connect ConnectionString: $'''Provider=SQLOLEDB.1;Integrated Security=SSPI;Persist Security Info=False;Initial Catalog=DatosOperativos;Data Source=LEON-DEVA''' Connection=&gt; SQLConnection\r\nDatabase.ExecuteSqlStatement.Execute Connection: SQLConnection Statement: $'''\r\nBEGIN TRANSACTION;\r\n\r\n\ttruncate table Cat_MaterialNombreLargo\r\n\t\r\n\t\r\n\tBULK INSERT Cat_MaterialNombreLargo\r\n\tFROM \\'C:\\\\TEMP\\\\EXPORT.csv\\'\r\n\tWITH (\r\n\t\tFIELDTERMINATOR = \\',\\',  -- Especifica el delimitador de campo\r\n\t\tROWTERMINATOR = \\'\\\\n\\',   -- Especifica el delimitador de fila\r\n\t\tFIRSTROW = 2            -- Si el archivo CSV tiene encabezado\r\n\t);\r\n\r\n\t\t\r\nIF @@ERROR = 0\r\nBEGIN\r\n    COMMIT TRANSACTION;  -- Confirmar la transacción\r\n   \r\nEND\r\nELSE\r\nBEGIN\r\n    ROLLBACK TRANSACTION;  -- Revertir la transacción\r\n  \r\nEND\r\n\t''' Timeout: 30 Result=&gt; QueryResult\r\nDatabase.Close Connection: SQLConnection\r\n"</Definition>
      <SchemaVersion>2022.07</SchemaVersion>
      <DesktopFlowModules>[]</DesktopFlowModules>
      <Credentials>[]</Credentials>
      <PrimaryEntity>none</PrimaryEntity>
      <LocalizedNames>
        <LocalizedName languagecode="1033" description="P004_Migrar Nombre Largos de Materiales" />
      </LocalizedNames>
    </Workflow>
  </Workflows>
  <FieldSecurityProfiles></FieldSecurityProfiles>
  <Templates />
  <EntityMaps />
  <EntityRelationships />
  <OrganizationSettings />
  <optionsets />
  <CustomControls />
  <EntityDataProviders />
  <connectionreferences>
    <connectionreference connectionreferencelogicalname="crb52_sharedapprovals_6bc46">
      <connectionreferencedisplayname>Standard approvals P004Contratos-6bc46</connectionreferencedisplayname>
      <connectorid>/providers/Microsoft.PowerApps/apis/shared_approvals</connectorid>
      <iscustomizable>1</iscustomizable>
      <promptingbehavior>0</promptingbehavior>
      <statecode>0</statecode>
      <statuscode>1</statuscode>
    </connectionreference>
    <connectionreference connectionreferencelogicalname="crb52_sharedoffice365_75705">
      <connectionreferencedisplayname>Office 365 Outlook P004Contratos-75705</connectionreferencedisplayname>
      <connectorid>/providers/Microsoft.PowerApps/apis/shared_office365</connectorid>
      <iscustomizable>1</iscustomizable>
      <promptingbehavior>0</promptingbehavior>
      <statecode>0</statecode>
      <statuscode>1</statuscode>
    </connectionreference>
    <connectionreference connectionreferencelogicalname="crb52_sharedteams_31a88">
      <connectionreferencedisplayname>Microsoft Teams P004_SOL_ReportedeContratos-31a88</connectionreferencedisplayname>
      <connectorid>/providers/Microsoft.PowerApps/apis/shared_teams</connectorid>
      <iscustomizable>1</iscustomizable>
      <promptingbehavior>0</promptingbehavior>
      <statecode>0</statecode>
      <statuscode>1</statuscode>
    </connectionreference>
    <connectionreference connectionreferencelogicalname="crb52_sharedteams_a57d0">
      <connectionreferencedisplayname>Microsoft Teams P004Contratos-a57d0</connectionreferencedisplayname>
      <connectorid>/providers/Microsoft.PowerApps/apis/shared_teams</connectorid>
      <iscustomizable>1</iscustomizable>
      <promptingbehavior>0</promptingbehavior>
      <statecode>0</statecode>
      <statuscode>1</statuscode>
    </connectionreference>
    <connectionreference connectionreferencelogicalname="crfc1_sharedsql_3db87">
      <connectionreferencedisplayname>SQL Server P000_FlujosOnDemand-3db87</connectionreferencedisplayname>
      <connectorid>/providers/Microsoft.PowerApps/apis/shared_sql</connectorid>
      <iscustomizable>1</iscustomizable>
      <promptingbehavior>0</promptingbehavior>
      <statecode>0</statecode>
      <statuscode>1</statuscode>
    </connectionreference>
    <connectionreference connectionreferencelogicalname="crfc1_sharedteams_7ec1f">
      <connectionreferencedisplayname>Microsoft Teams p004_SP_Catalogo_Vehiculos-7ec1f</connectionreferencedisplayname>
      <connectorid>/providers/Microsoft.PowerApps/apis/shared_teams</connectorid>
      <iscustomizable>1</iscustomizable>
      <statecode>0</statecode>
      <statuscode>1</statuscode>
    </connectionreference>
    <connectionreference connectionreferencelogicalname="crfc1_shareduiflow_19971">
      <connectionreferencedisplayname>Desktop flows P000_FlujosOnDemand-19971</connectionreferencedisplayname>
      <connectorid>/providers/Microsoft.PowerApps/apis/shared_uiflow</connectorid>
      <iscustomizable>1</iscustomizable>
      <promptingbehavior>0</promptingbehavior>
      <statecode>0</statecode>
      <statuscode>1</statuscode>
    </connectionreference>
    <connectionreference connectionreferencelogicalname="crfc1_shareduiflow_e6778">
      <connectionreferencedisplayname>Desktop flows P000_FlujosVarios-e6778</connectionreferencedisplayname>
      <connectorid>/providers/Microsoft.PowerApps/apis/shared_uiflow</connectorid>
      <iscustomizable>1</iscustomizable>
      <promptingbehavior>0</promptingbehavior>
      <statecode>0</statecode>
      <statuscode>1</statuscode>
    </connectionreference>
  </connectionreferences>
  <Languages>
    <Language>1033</Language>
  </Languages>
</ImportExportXml>