<desktopflowbinary desktopflowbinaryid="8af761b5-d308-40ce-8893-09cec4ae329d">
  <data mimetype="application/json">ConnectorDefinition_3b28760d-96a3-40a1-b063-b202634066d5.json</data>
  <iscustomizable>1</iscustomizable>
  <metadata>{}</metadata>
  <mimetype>application/json</mimetype>
  <name>Desktop flow connector definition</name>
  <process>
    <workflowid>ff5838ec-9231-4639-89d4-eafe0e61fca1</workflowid>
  </process>
  <reference>/providers/Microsoft.PowerApps/apis/shared_teams</reference>
  <statecode>0</statecode>
  <statuscode>1</statuscode>
  <type>ConnectorDefinition</type>
</desktopflowbinary>