<desktopflowbinary desktopflowbinaryid="32de2bf0-2a87-42cf-a020-a708f3791727">
  <data mimetype="application/json">ControlRepository_d467bba8-895e-4c9f-ba0f-a0a528fa793d.json</data>
  <iscustomizable>1</iscustomizable>
  <metadata>{}</metadata>
  <mimetype>application/json</mimetype>
  <name>Desktop flow ui elements</name>
  <process>
    <workflowid>6f269dac-cf81-4fa3-942f-750c1120063c</workflowid>
  </process>
  <reference>controlRepo.appmask</reference>
  <statecode>0</statecode>
  <statuscode>1</statuscode>
  <type>ControlRepository</type>
</desktopflowbinary>