{
  "Screens": [
    {
      "Controls": [
        {
          "AutomationProtocol": "sap",
          "ScreenShot": null,
          "ElementTypeName": "Gui Main Window",
          "InstanceId": "6b53eb92-9d6b-4028-ab76-18961aa06840",
          "Name": "Gui Main Window 'wnd[0]'",
          "SelectorCount": 1,
          "Selectors": [
            {
              "CustomSelector": null,
              "Elements": [
                {
                  "Attributes": [
                    {
                      "Ignore": true,
                      "IsOrdinal": false,
                      "IsDisabledAttribute": false,
                      "Name": "Enabled",
                      "Operation": "EqualTo",
                      "Value": true
                    },
                    {
                      "Ignore": false,
                      "IsOrdinal": false,
                      "IsDisabledAttribute": false,
                      "Name": "Id",
                      "Operation": "EqualTo",
                      "Value": "wnd[0]"
                    },
                    {
                      "Ignore": true,
                      "IsOrdinal": false,
                      "IsDisabledAttribute": false,
                      "Name": "Name",
                      "Operation": "EqualTo",
                      "Value": "wnd[0]"
                    },
                    {
                      "Ignore": true,
                      "IsOrdinal": true,
                      "IsDisabledAttribute": false,
                      "Name": "Ordinal",
                      "Operation": "EqualTo",
                      "Value": 0
                    },
                    {
                      "Ignore": true,
                      "IsOrdinal": false,
                      "IsDisabledAttribute": false,
                      "Name": "Text",
                      "Operation": "EqualTo",
                      "Value": "SAP Easy Access  -  Menú usuario p. ENDEAVOUR VIRTUAL ASSISTANT"
                    },
                    {
                      "Ignore": true,
                      "IsOrdinal": false,
                      "IsDisabledAttribute": false,
                      "Name": "Visible",
                      "Operation": "EqualTo",
                      "Value": true
                    }
                  ],
                  "CustomValue": null,
                  "Ignore": false,
                  "Name": "Gui Main Window 'wnd[0]'",
                  "Tag": "GuiMainWindow"
                }
              ],
              "Ignore": false,
              "ImageSelector": null,
              "IsCustom": false,
              "IsImageBased": false,
              "IsPlaceholderSelector": false,
              "IsWindowsInstance": false,
              "Name": "Default Selector",
              "Properties": []
            }
          ],
          "Tag": "GuiMainWindow",
          "ScreenshotPath": "controlRepo-screenshots\\753aedd3-3491-4b89-a17f-988bda79626a.png"
        }
      ],
      "Handle": {
        "value": 0
      },
      "ProcessName": null,
      "ScreenShot": null,
      "ElementTypeName": "Window",
      "InstanceId": "19bd4af3-7a9e-4267-8fd4-defff37ef06b",
      "Name": "Window 'SAP Easy  ...  VIRTUAL ASSISTANT'",
      "SelectorCount": 1,
      "Selectors": [
        {
          "CustomSelector": null,
          "Elements": [
            {
              "Attributes": [
                {
                  "Ignore": true,
                  "IsOrdinal": false,
                  "IsDisabledAttribute": false,
                  "Name": "Class",
                  "Operation": "EqualTo",
                  "Value": "SAP_FRONTEND_SESSION"
                },
                {
                  "Ignore": true,
                  "IsOrdinal": false,
                  "IsDisabledAttribute": false,
                  "Name": "Enabled",
                  "Operation": "EqualTo",
                  "Value": true
                },
                {
                  "Ignore": true,
                  "IsOrdinal": false,
                  "IsDisabledAttribute": false,
                  "Name": "Id",
                  "Operation": "EqualTo",
                  "Value": ""
                },
                {
                  "Ignore": false,
                  "IsOrdinal": false,
                  "IsDisabledAttribute": false,
                  "Name": "Name",
                  "Operation": "EqualTo",
                  "Value": "SAP Easy Access  -  Menú usuario p. ENDEAVOUR VIRTUAL ASSISTANT"
                },
                {
                  "Ignore": true,
                  "IsOrdinal": true,
                  "IsDisabledAttribute": false,
                  "Name": "Ordinal",
                  "Operation": "EqualTo",
                  "Value": 0
                },
                {
                  "Ignore": false,
                  "IsOrdinal": false,
                  "IsDisabledAttribute": false,
                  "Name": "Process",
                  "Operation": "EqualTo",
                  "Value": "saplogon"
                },
                {
                  "Ignore": true,
                  "IsOrdinal": false,
                  "IsDisabledAttribute": false,
                  "Name": "Visible",
                  "Operation": "EqualTo",
                  "Value": true
                }
              ],
              "CustomValue": null,
              "Ignore": false,
              "Name": "Window 'SAP Easy Access  -  Menú usuario p. ENDEAVOUR VIRTUAL ASSISTANT'",
              "Tag": "window"
            }
          ],
          "Ignore": false,
          "ImageSelector": null,
          "IsCustom": false,
          "IsImageBased": false,
          "IsPlaceholderSelector": false,
          "IsWindowsInstance": false,
          "Name": "Default Selector",
          "Properties": []
        }
      ],
      "Tag": "window",
      "ScreenshotPath": "controlRepo-screenshots\\ec108428-a2aa-4a99-b515-feb83c834e65.png"
    },
    {
      "Controls": [
        {
          "AutomationProtocol": "sap",
          "ScreenShot": null,
          "ElementTypeName": "Gui Main Window",
          "InstanceId": "575aaba1-95c4-4a7c-a529-ce36940e1ad4",
          "Name": "Gui Main Window 'wnd[0]'",
          "SelectorCount": 1,
          "Selectors": [
            {
              "CustomSelector": null,
              "Elements": [
                {
                  "Attributes": [
                    {
                      "Ignore": true,
                      "IsOrdinal": false,
                      "IsDisabledAttribute": false,
                      "Name": "Enabled",
                      "Operation": "EqualTo",
                      "Value": true
                    },
                    {
                      "Ignore": false,
                      "IsOrdinal": false,
                      "IsDisabledAttribute": false,
                      "Name": "Id",
                      "Operation": "EqualTo",
                      "Value": "wnd[0]"
                    },
                    {
                      "Ignore": true,
                      "IsOrdinal": false,
                      "IsDisabledAttribute": false,
                      "Name": "Name",
                      "Operation": "EqualTo",
                      "Value": "wnd[0]"
                    },
                    {
                      "Ignore": true,
                      "IsOrdinal": true,
                      "IsDisabledAttribute": false,
                      "Name": "Ordinal",
                      "Operation": "EqualTo",
                      "Value": 0
                    },
                    {
                      "Ignore": true,
                      "IsOrdinal": false,
                      "IsDisabledAttribute": false,
                      "Name": "Text",
                      "Operation": "EqualTo",
                      "Value": "Documentos de compras p.número de documento"
                    },
                    {
                      "Ignore": true,
                      "IsOrdinal": false,
                      "IsDisabledAttribute": false,
                      "Name": "Visible",
                      "Operation": "EqualTo",
                      "Value": true
                    }
                  ],
                  "CustomValue": null,
                  "Ignore": false,
                  "Name": "Gui Main Window 'wnd[0]'",
                  "Tag": "GuiMainWindow"
                }
              ],
              "Ignore": false,
              "ImageSelector": null,
              "IsCustom": false,
              "IsImageBased": false,
              "IsPlaceholderSelector": false,
              "IsWindowsInstance": false,
              "Name": "Default Selector",
              "Properties": []
            }
          ],
          "Tag": "GuiMainWindow",
          "ScreenshotPath": "controlRepo-screenshots\\c45bd60a-6a8f-45c1-b51f-f594a83eaba5.png"
        }
      ],
      "Handle": {
        "value": 0
      },
      "ProcessName": null,
      "ScreenShot": null,
      "ElementTypeName": "Window",
      "InstanceId": "c69205a1-af44-4ec7-85b9-9eef56fb7d49",
      "Name": "Window 'Documentos de compras p.número de documento'",
      "SelectorCount": 1,
      "Selectors": [
        {
          "CustomSelector": null,
          "Elements": [
            {
              "Attributes": [
                {
                  "Ignore": true,
                  "IsOrdinal": false,
                  "IsDisabledAttribute": false,
                  "Name": "Class",
                  "Operation": "EqualTo",
                  "Value": "SAP_FRONTEND_SESSION"
                },
                {
                  "Ignore": true,
                  "IsOrdinal": false,
                  "IsDisabledAttribute": false,
                  "Name": "Enabled",
                  "Operation": "EqualTo",
                  "Value": true
                },
                {
                  "Ignore": true,
                  "IsOrdinal": false,
                  "IsDisabledAttribute": false,
                  "Name": "Id",
                  "Operation": "EqualTo",
                  "Value": ""
                },
                {
                  "Ignore": false,
                  "IsOrdinal": false,
                  "IsDisabledAttribute": false,
                  "Name": "Name",
                  "Operation": "EqualTo",
                  "Value": "Documentos de compras p.número de documento"
                },
                {
                  "Ignore": true,
                  "IsOrdinal": true,
                  "IsDisabledAttribute": false,
                  "Name": "Ordinal",
                  "Operation": "EqualTo",
                  "Value": 0
                },
                {
                  "Ignore": false,
                  "IsOrdinal": false,
                  "IsDisabledAttribute": false,
                  "Name": "Process",
                  "Operation": "EqualTo",
                  "Value": "saplogon"
                },
                {
                  "Ignore": true,
                  "IsOrdinal": false,
                  "IsDisabledAttribute": false,
                  "Name": "Visible",
                  "Operation": "EqualTo",
                  "Value": true
                }
              ],
              "CustomValue": null,
              "Ignore": false,
              "Name": "Window 'Documentos de compras p.número de documento'",
              "Tag": "window"
            }
          ],
          "Ignore": false,
          "ImageSelector": null,
          "IsCustom": false,
          "IsImageBased": false,
          "IsPlaceholderSelector": false,
          "IsWindowsInstance": false,
          "Name": "Default Selector",
          "Properties": []
        }
      ],
      "Tag": "window",
      "ScreenshotPath": "controlRepo-screenshots\\d6360267-47e3-4a2e-b11f-5722722d3c39.png"
    }
  ],
  "Version": 1
}