{
  "properties": {
    "connectionReferences": {
      "shared_sql-2": {
        "api": {
          "name": "shared_sql"
        },
        "connection": {
          "connectionReferenceLogicalName": "crfc1_sharedsql_3db87"
        },
        "runtimeSource": "embedded"
      },
      "shared_approvals": {
        "api": {
          "name": "shared_approvals"
        },
        "connection": {
          "connectionReferenceLogicalName": "crb52_sharedapprovals_6bc46"
        },
        "runtimeSource": "embedded"
      },
      "shared_office365": {
        "api": {
          "name": "shared_office365"
        },
        "connection": {
          "connectionReferenceLogicalName": "crb52_sharedoffice365_75705"
        },
        "runtimeSource": "embedded"
      },
      "shared_teams": {
        "api": {
          "name": "shared_teams"
        },
        "connection": {
          "connectionReferenceLogicalName": "crb52_sharedteams_a57d0"
        },
        "runtimeSource": "embedded"
      },
      "shared_uiflow": {
        "api": {
          "name": "shared_uiflow"
        },
        "connection": {
          "connectionReferenceLogicalName": "crfc1_shareduiflow_19971"
        },
        "runtimeSource": "embedded"
      }
    },
    "definition": {
      "$schema": "https://schema.management.azure.com/providers/Microsoft.Logic/schemas/2016-06-01/workflowdefinition.json#",
      "contentVersion": "1.0.0.0",
      "parameters": {
        "$authentication": {
          "defaultValue": {},
          "type": "SecureObject"
        },
        "$connections": {
          "defaultValue": {},
          "type": "Object"
        }
      },
      "triggers": {
        "When_an_item_is_modified_(V2)": {
          "type": "OpenApiConnection",
          "inputs": {
            "parameters": {
              "server": "AZ-PSQL-CCVM01, 61433",
              "database": "EDRSUITE_DB",
              "table": "[dbo].[t_tbl_EncabezadoAvance]"
            },
            "host": {
              "apiId": "/providers/Microsoft.PowerApps/apis/shared_sql",
              "operationId": "GetOnUpdatedItems_V2",
              "connectionName": "shared_sql-2"
            }
          },
          "recurrence": {
            "interval": 1,
            "frequency": "Minute"
          },
          "splitOn": "@triggerOutputs()?['body/value']",
          "metadata": {
            "operationMetadataId": "bfdc4e99-208a-4664-93bc-7c287866e6a0"
          }
        }
      },
      "actions": {
        "Condition": {
          "type": "If",
          "expression": {
            "and": [
              {
                "equals": [
                  "@triggerBody()?['IdEstatusProceso']",
                  2
                ]
              }
            ]
          },
          "actions": {
            "Obtener_el_Emcabezado_de_Contrato": {
              "type": "OpenApiConnection",
              "inputs": {
                "parameters": {
                  "server": "AZ-PSQL-CCVM01, 61433",
                  "database": "EDRSUITE_DB",
                  "table": "[dbo].[t_tbl_ContratoEncabezado]",
                  "$filter": "Contrato eq   '@{triggerBody()?['Contrato']}'"
                },
                "host": {
                  "apiId": "/providers/Microsoft.PowerApps/apis/shared_sql",
                  "operationId": "GetItems_V2",
                  "connectionName": "shared_sql-2"
                }
              },
              "metadata": {
                "operationMetadataId": "0d1db773-e997-4ee6-8373-ba68ec43802c"
              }
            },
            "For_each": {
              "type": "Foreach",
              "foreach": "@outputs('Obtener_el_Emcabezado_de_Contrato')?['body/value']",
              "actions": {
                "Get_rows_(V2)_1": {
                  "type": "OpenApiConnection",
                  "inputs": {
                    "parameters": {
                      "server": "AZ-PSQL-CCVM01, 61433",
                      "database": "EDRSUITE_DB",
                      "table": "[dbo].[t_tbl_ContratoEncValidador]",
                      "$filter": "IdContratoEncabezado eq @{items('For_each')?['Id']} and Fase eq  @{triggerBody()?['NFase']} and Estatus eq 'A'"
                    },
                    "host": {
                      "apiId": "/providers/Microsoft.PowerApps/apis/shared_sql",
                      "operationId": "GetItems_V2",
                      "connectionName": "shared_sql-2"
                    }
                  },
                  "metadata": {
                    "operationMetadataId": "de3e686f-548e-4e7e-b732-53aa81ebae34"
                  }
                },
                "Condition_2": {
                  "type": "If",
                  "expression": {
                    "and": [
                      {
                        "greater": [
                          "@length(outputs('Get_rows_(V2)_1')?['body/value'])",
                          0
                        ]
                      }
                    ]
                  },
                  "actions": {
                    "For_each_1": {
                      "type": "Foreach",
                      "foreach": "@outputs('Get_rows_(V2)_1')?['body/value']",
                      "actions": {
                        "Append_to_string_variable": {
                          "type": "AppendToStringVariable",
                          "inputs": {
                            "name": "Aprobadores",
                            "value": "@concat(items('For_each_1')?['Validador'], '; ')"
                          },
                          "metadata": {
                            "operationMetadataId": "bcda7464-7c7d-4fc5-bee3-4260df7c5cb6"
                          }
                        }
                      },
                      "metadata": {
                        "operationMetadataId": "f417d187-77f4-4511-9f9d-7f94ba97d477"
                      }
                    },
                    "Start_and_wait_for_an_approval": {
                      "type": "OpenApiConnectionWebhook",
                      "inputs": {
                        "parameters": {
                          "approvalType": "Basic",
                          "WebhookApprovalCreationInput/title": "Solicitud de aprobación del Estimación #@{triggerBody()?['NAvances']} del Contrato : @{triggerBody()?['Contrato']}",
                          "WebhookApprovalCreationInput/assignedTo": "@variables('Aprobadores')",
                          "WebhookApprovalCreationInput/details": "Solicitud de aprobación del Estimación #@{triggerBody()?['NAvances']} del Contrato : @{triggerBody()?['Contrato']}\n\nVer Datalle en el Link:",
                          "WebhookApprovalCreationInput/itemLink": "http://www.edrsuite.com/AdminAvance?proveedorId=@{triggerBody()?['IdProveedor']}&contrato=@{triggerBody()?['Contrato']}&abrirModal=1&idEncabezadoAvance=@{triggerBody()?['Id']}&rdnt=JA",
                          "WebhookApprovalCreationInput/itemLinkDescription": "\n ",
                          "WebhookApprovalCreationInput/enableNotifications": true,
                          "WebhookApprovalCreationInput/enableReassignment": true
                        },
                        "host": {
                          "apiId": "/providers/Microsoft.PowerApps/apis/shared_approvals",
                          "operationId": "StartAndWaitForAnApproval",
                          "connectionName": "shared_approvals"
                        }
                      },
                      "runAfter": {
                        "For_each_1": [
                          "Succeeded"
                        ]
                      },
                      "metadata": {
                        "operationMetadataId": "14d6b9fb-d1bb-44f6-b93e-e4d65b5bb93f"
                      }
                    },
                    "Condition_1": {
                      "type": "If",
                      "expression": {
                        "and": [
                          {
                            "equals": [
                              "@outputs('Start_and_wait_for_an_approval')?['body/outcome']",
                              "Approve"
                            ]
                          }
                        ]
                      },
                      "actions": {
                        "Actualiza_Tabla_Encabazado_Avance_al_Siguiente_Numero_Avance": {
                          "type": "OpenApiConnection",
                          "inputs": {
                            "parameters": {
                              "server": "AZ-PSQL-CCVM01, 61433",
                              "database": "EDRSUITE_DB",
                              "table": "[dbo].[t_tbl_EncabezadoAvance]",
                              "id": "@triggerBody()?['Id']",
                              "item/NFase": "@variables('Fase')"
                            },
                            "host": {
                              "apiId": "/providers/Microsoft.PowerApps/apis/shared_sql",
                              "operationId": "PatchItem_V2",
                              "connectionName": "shared_sql-2"
                            }
                          },
                          "runAfter": {
                            "Increment_variable_Fase": [
                              "Succeeded"
                            ]
                          },
                          "metadata": {
                            "operationMetadataId": "4bd528d4-2e4d-43ee-8eca-25e72ca05497"
                          }
                        },
                        "Increment_variable_Fase": {
                          "type": "IncrementVariable",
                          "inputs": {
                            "name": "Fase",
                            "value": 1
                          },
                          "metadata": {
                            "operationMetadataId": "66a7532d-c33c-47af-b8ae-39c88c01614c"
                          }
                        },
                        "Apply_to_each": {
                          "type": "Foreach",
                          "foreach": "@outputs('Start_and_wait_for_an_approval')?['body/responses']",
                          "actions": {
                            "Insertar_registro_en_tabla_Contrato_Aprobacion": {
                              "type": "OpenApiConnection",
                              "inputs": {
                                "parameters": {
                                  "server": "AZ-PSQL-CCVM01, 61433",
                                  "database": "EDRSUITE_DB",
                                  "table": "[dbo].[t_tbl_ContratoAprobacion]",
                                  "item/IdEstatusProceso": 2,
                                  "item/CorreoValidador": "@items('Apply_to_each')?['responder/email']",
                                  "item/IdProveedor": "@outputs('Actualiza_Tabla_Encabazado_Avance_al_Siguiente_Numero_Avance')?['body/IdProveedor']",
                                  "item/NombreProveedor": "@outputs('Actualiza_Tabla_Encabazado_Avance_al_Siguiente_Numero_Avance')?['body/NombreProveedor']",
                                  "item/Contrato": "@triggerOutputs()?['body/Contrato']",
                                  "item/NFase": "@triggerOutputs()?['body/NFase']",
                                  "item/NPosicion": "@triggerOutputs()?['body/NPosicion']",
                                  "item/NAvances": "@triggerOutputs()?['body/NAvances']",
                                  "item/Comentario": "@items('Apply_to_each')?['comments']",
                                  "item/Crt_User": "eva@edrsilver.com",
                                  "item/Crt_Date": "@utcNow()",
                                  "item/Upd_User": "eva@edrsilver.com",
                                  "item/Upd_Date": "@utcNow()",
                                  "item/Estatus": "A"
                                },
                                "host": {
                                  "apiId": "/providers/Microsoft.PowerApps/apis/shared_sql",
                                  "operationId": "PostItem_V2",
                                  "connectionName": "shared_sql-2"
                                }
                              },
                              "metadata": {
                                "operationMetadataId": "35686707-7704-4326-863a-c2f2e42e55eb"
                              }
                            }
                          },
                          "runAfter": {
                            "Actualiza_Tabla_Encabazado_Avance_al_Siguiente_Numero_Avance": [
                              "Succeeded"
                            ]
                          },
                          "metadata": {
                            "operationMetadataId": "bd12444b-2b7a-437e-89d6-a9501d66421a"
                          }
                        }
                      },
                      "else": {
                        "actions": {
                          "Actualiza_Tabla_Encabezado_Avance_a_Estatus_3": {
                            "type": "OpenApiConnection",
                            "inputs": {
                              "parameters": {
                                "server": "AZ-PSQL-CCVM01, 61433",
                                "database": "EDRSUITE_DB",
                                "table": "[dbo].[t_tbl_EncabezadoAvance]",
                                "id": "@triggerBody()?['Id']",
                                "item/IdEstatusProceso": 3,
                                "item/NFase": 1,
                                "item/Borrador": "0"
                              },
                              "host": {
                                "apiId": "/providers/Microsoft.PowerApps/apis/shared_sql",
                                "operationId": "PatchItem_V2",
                                "connectionName": "shared_sql-2"
                              }
                            },
                            "metadata": {
                              "operationMetadataId": "bdab2395-b934-4c9f-9c11-f3b50722ec13"
                            }
                          },
                          "Apply_to_each_2": {
                            "type": "Foreach",
                            "foreach": "@outputs('Start_and_wait_for_an_approval')?['body/responses']",
                            "actions": {
                              "Insertar_registro_en_tabla_Contrato_Aprobacion_con_valor_3": {
                                "type": "OpenApiConnection",
                                "inputs": {
                                  "parameters": {
                                    "server": "AZ-PSQL-CCVM01, 61433",
                                    "database": "EDRSUITE_DB",
                                    "table": "[dbo].[t_tbl_ContratoAprobacion]",
                                    "item/IdEstatusProceso": 3,
                                    "item/CorreoValidador": "@items('Apply_to_each_2')?['responder/email']",
                                    "item/IdProveedor": "@outputs('Actualiza_Tabla_Encabezado_Avance_a_Estatus_3')?['body/IdProveedor']",
                                    "item/NombreProveedor": "@outputs('Actualiza_Tabla_Encabezado_Avance_a_Estatus_3')?['body/NombreProveedor']",
                                    "item/Contrato": "@triggerOutputs()?['body/Contrato']",
                                    "item/NFase": "@triggerOutputs()?['body/NFase']",
                                    "item/NPosicion": "@triggerOutputs()?['body/NPosicion']",
                                    "item/NAvances": "@triggerOutputs()?['body/NAvances']",
                                    "item/Comentario": "@items('Apply_to_each_2')?['comments']",
                                    "item/Crt_User": "eva@edrsilver.com",
                                    "item/Crt_Date": "@utcNow()",
                                    "item/Upd_User": "eva@edrsilver.com",
                                    "item/Upd_Date": "@utcNow()",
                                    "item/Estatus": "A"
                                  },
                                  "host": {
                                    "apiId": "/providers/Microsoft.PowerApps/apis/shared_sql",
                                    "operationId": "PostItem_V2",
                                    "connectionName": "shared_sql-2"
                                  }
                                },
                                "metadata": {
                                  "operationMetadataId": "07f66071-4dde-4922-aeab-158275c8098d"
                                }
                              }
                            },
                            "runAfter": {
                              "Actualiza_Tabla_Encabezado_Avance_a_Estatus_3": [
                                "Succeeded"
                              ]
                            },
                            "metadata": {
                              "operationMetadataId": "5068bf23-703e-449d-aecc-a4d1571c57d5"
                            }
                          },
                          "Cuerpo_Correo_Proveedor_Rechazado": {
                            "type": "Compose",
                            "inputs": "\n<!DOCTYPE html>\n<html lang=\"es\">\n<head>\n  <meta charset=\"UTF-8\">\n  <meta name=\"viewport\" content=\"width=device-width, initial-scale=1.0\">\n  <title>Estimación Rechazada </title>\n  <link href=\"https://fonts.googleapis.com/css2?family=Poppins:wght@300;400;500;600&display=swap\" rel=\"stylesheet\">\n    <!-- Colocar el compose entre la etiqueta style -->\n\n  <style>\n\n    body,table,td,p,a,h1 { font-family:'Poppins',Arial,sans-serif; line-height:1.6; color:#374151; }\n    h1 { margin:0;font-size:24px;font-weight:600;letter-spacing:0.5px;color:#ffffff; }\n    p { margin:0 0 16px 0;font-size:14px; }\n    a { color:#2563eb;text-decoration:none;font-weight:500; }\n\n    .card { background:#ffffff;border-radius:12px;box-shadow:0 5px 15px rgba(0,0,0,0.08);overflow:hidden; }\n    .header { background:linear-gradient(135deg,#7b2f3d,#7b2f3d);padding:28px 30px;border-bottom:4px solid #360a12; }\n    .subtitulo { margin-top:8px;font-size:14px;font-weight:300;opacity:0.9;color:#ffffff; }\n\n    .body { padding:32px; }\n\n    .nota { background:#eff6ff;border-left:4px solid #7b2f3d;padding:16px;border-radius:4px;margin-bottom:24px; }\n    .nota p { font-weight:500;color:#7b2f3d;display:flex;align-items:center;margin:0; }\n    .emoji { margin-right:8px;font-size:18px; }\n\n    .nombre { color:#7b2f3d;font-weight:600; }\n  </style>\n</head>\n<body>\n  <table role=\"presentation\" width=\"100%\" cellspacing=\"0\" cellpadding=\"0\">\n    <tr>\n      <td align=\"center\" style=\"padding:40px 0;\">\n\n        <table role=\"presentation\" width=\"640\" cellspacing=\"0\" cellpadding=\"0\" class=\"card\">\n\n          <tr>\n            <td class=\"header\" align=\"center\">\n              <h1>Estimación Rechazada</h1>              \n            </td>\n          </tr>\n\n          <tr>\n            <td class=\"body\">\n\n              <table role=\"presentation\" width=\"100%\" cellspacing=\"0\" cellpadding=\"0\" class=\"content\">\n                <tr><td><p>Estimados,</p></td></tr>\n                <tr>\n                  <td>\n                    <p>Estimado/a <strong class=\"nombre\"></strong> </p>\n\n<p>Tras revisar su estimación, le informamos que su estimación fue rechazada,le pedimos contactar al encargado de su contrato para hacer las correcciones necesarias.\n</p>\n<p>Saludos.<p/>\n<br/> \n<a href=\"http://www.edrsuite.com/AdminAvance?proveedorId=@{items('For_each')?['IdProveedor']}&contrato=&abrirModal=1&idEncabezadoAvance=&rdnt=JA\"> www.edrsuite.com </a>\n                  </td>\n                </tr>\n              </table>\n            </td>\n          </tr>          \n        </table>\n      </td>\n    </tr>\n  </table>\n\n      <img \n        src=\"https://logo.stocklight.com/NYSE/EXK.png\" \n        alt=\"Endeavour Silver Logo\"\n        style=\"width: 160px; display: block; margin: 0 auto;\"\n      >\n    \n</body>\n</html>\n\n",
                            "runAfter": {
                              "Apply_to_each_2": [
                                "Succeeded"
                              ]
                            },
                            "metadata": {
                              "operationMetadataId": "5c9f349a-5bda-442d-b2d4-f0effe93165a"
                            }
                          },
                          "Envio_de_Correo_a_Proveedor_cuando_es_Rechazo": {
                            "type": "OpenApiConnection",
                            "inputs": {
                              "parameters": {
                                "emailMessage/To": "@triggerBody()?['Crt_User']",
                                "emailMessage/Subject": "Solicitud de aprobación del Estimación #@{triggerBody()?['NAvances']} del Contrato : @{triggerBody()?['Contrato']} fue RECHAZADO",
                                "emailMessage/Body": "<p class=\"editor-paragraph\">@{outputs('Cuerpo_Correo_Proveedor_Rechazado')}<br></p><br>",
                                "emailMessage/Importance": "Normal"
                              },
                              "host": {
                                "apiId": "/providers/Microsoft.PowerApps/apis/shared_office365",
                                "operationId": "SendEmailV2",
                                "connectionName": "shared_office365"
                              }
                            },
                            "runAfter": {
                              "Cuerpo_Correo_Proveedor_Rechazado": [
                                "Succeeded"
                              ]
                            },
                            "metadata": {
                              "operationMetadataId": "9728d492-227f-41a1-973c-2223bf82f644"
                            }
                          },
                          "Obtener_Aprobadores_Ya_Aprobaron": {
                            "type": "OpenApiConnection",
                            "inputs": {
                              "parameters": {
                                "server": "AZ-PSQL-CCVM01, 61433",
                                "database": "EDRSUITE_DB",
                                "table": "[dbo].[t_tbl_ContratoEncValidador]",
                                "$filter": "IdContratoEncabezado eq @{triggerBody()?['Id']} and Fase le @{triggerBody()?['NFase']}   and Estatus eq 'A'"
                              },
                              "host": {
                                "apiId": "/providers/Microsoft.PowerApps/apis/shared_sql",
                                "operationId": "GetItems_V2",
                                "connectionName": "shared_sql-2"
                              }
                            },
                            "runAfter": {
                              "Envio_de_Correo_a_Proveedor_cuando_es_Rechazo": [
                                "Succeeded"
                              ]
                            },
                            "metadata": {
                              "operationMetadataId": "d96e8964-8531-4559-a744-ffccbd7bdfed"
                            }
                          },
                          "For_each_concatena_correos": {
                            "type": "Foreach",
                            "foreach": "@outputs('Obtener_Aprobadores_Ya_Aprobaron')?['body/value']",
                            "actions": {
                              "Concatena_Aprobadores_1": {
                                "type": "AppendToStringVariable",
                                "inputs": {
                                  "name": "Aprobadores",
                                  "value": "@concat(item()?['Validador'], '; ')"
                                },
                                "metadata": {
                                  "operationMetadataId": "bcda7464-7c7d-4fc5-bee3-4260df7c5cb6"
                                }
                              }
                            },
                            "runAfter": {
                              "Set_variable": [
                                "Succeeded"
                              ]
                            },
                            "metadata": {
                              "operationMetadataId": "f417d187-77f4-4511-9f9d-7f94ba97d477"
                            }
                          },
                          "Cuerpo_Correo_Rechazo": {
                            "type": "Compose",
                            "inputs": "\n<!DOCTYPE html>\n<html lang=\"es\">\n<head>\n  <meta charset=\"UTF-8\">\n  <meta name=\"viewport\" content=\"width=device-width, initial-scale=1.0\">\n  <title>Estimación Rechazada </title>\n  <link href=\"https://fonts.googleapis.com/css2?family=Poppins:wght@300;400;500;600&display=swap\" rel=\"stylesheet\">\n    <!-- Colocar el compose entre la etiqueta style -->\n\n  <style>\n\n    body,table,td,p,a,h1 { font-family:'Poppins',Arial,sans-serif; line-height:1.6; color:#374151; }\n    h1 { margin:0;font-size:24px;font-weight:600;letter-spacing:0.5px;color:#ffffff; }\n    p { margin:0 0 16px 0;font-size:14px; }\n    a { color:#2563eb;text-decoration:none;font-weight:500; }\n\n    .card { background:#ffffff;border-radius:12px;box-shadow:0 5px 15px rgba(0,0,0,0.08);overflow:hidden; }\n    .header { background:linear-gradient(135deg,#7b2f3d,#7b2f3d);padding:28px 30px;border-bottom:4px solid #360a12; }\n    .subtitulo { margin-top:8px;font-size:14px;font-weight:300;opacity:0.9;color:#ffffff; }\n\n    .body { padding:32px; }\n\n    .nota { background:#eff6ff;border-left:4px solid #7b2f3d;padding:16px;border-radius:4px;margin-bottom:24px; }\n    .nota p { font-weight:500;color:#7b2f3d;display:flex;align-items:center;margin:0; }\n    .emoji { margin-right:8px;font-size:18px; }\n\n    .nombre { color:#7b2f3d;font-weight:600; }\n  </style>\n</head>\n<body>\n  <table role=\"presentation\" width=\"100%\" cellspacing=\"0\" cellpadding=\"0\">\n    <tr>\n      <td align=\"center\" style=\"padding:40px 0;\">\n\n        <table role=\"presentation\" width=\"640\" cellspacing=\"0\" cellpadding=\"0\" class=\"card\">\n\n          <tr>\n            <td class=\"header\" align=\"center\">\n              <h1>Estimación Rechazada</h1>              \n            </td>\n          </tr>\n\n          <tr>\n            <td class=\"body\">\n\n              <table role=\"presentation\" width=\"100%\" cellspacing=\"0\" cellpadding=\"0\" class=\"content\">\n                <tr><td><p>Estimados,</p></td></tr>\n                <tr>\n                  <td>\n                    <p>Les informamos que la estimación presentada por el proveedor  fue rechazada durante la validación, el proveedor ya fue notificado. Favor de tomarlo en consideración</p>\n<p>Saludos.<p/>\n<br/> \n<a href=\"http://www.edrsuite.com/AdminAvance?proveedorId=&contrato=&abrirModal=1&idEncabezadoAvance=&rdnt=JA\"> www.edrsuite.com </a>\n                  </td>\n                </tr>\n              </table>\n            </td>\n          </tr>          \n        </table>\n      </td>\n    </tr>\n  </table>\n\n      <img \n        src=\"https://logo.stocklight.com/NYSE/EXK.png\" \n        alt=\"Endeavour Silver Logo\"\n        style=\"width: 160px; display: block; margin: 0 auto;\"\n      >\n    \n</body>\n</html>",
                            "runAfter": {
                              "For_each_concatena_correos": [
                                "Succeeded"
                              ]
                            },
                            "metadata": {
                              "operationMetadataId": "08a6c6d6-96c1-4ac1-9fec-9f49dc9b975f"
                            }
                          },
                          "Envio_de_Correo_Rechazo_Interno": {
                            "type": "OpenApiConnection",
                            "inputs": {
                              "parameters": {
                                "emailMessage/To": "@variables('Aprobadores')",
                                "emailMessage/Subject": "Solicitud de aprobación del Estimación #@{triggerBody()?['NAvances']} del Contrato :  @{triggerBody()?['Contrato']} fue RECHAZADA",
                                "emailMessage/Body": "<p class=\"editor-paragraph\"><br><br>@{outputs('Cuerpo_Correo_Rechazo')}</p>",
                                "emailMessage/Importance": "Normal"
                              },
                              "host": {
                                "apiId": "/providers/Microsoft.PowerApps/apis/shared_office365",
                                "operationId": "SendEmailV2",
                                "connectionName": "shared_office365"
                              }
                            },
                            "runAfter": {
                              "Cuerpo_Correo_Rechazo": [
                                "Succeeded"
                              ]
                            },
                            "metadata": {
                              "operationMetadataId": "cd51ee6d-1b12-4abf-8dc2-89e96c9f8478"
                            }
                          },
                          "Set_variable": {
                            "type": "SetVariable",
                            "inputs": {
                              "name": "Aprobadores",
                              "value": " "
                            },
                            "runAfter": {
                              "Obtener_Aprobadores_Ya_Aprobaron": [
                                "Succeeded"
                              ]
                            },
                            "metadata": {
                              "operationMetadataId": "0a024113-cfec-4e9a-813a-fd05e1ca756d"
                            }
                          }
                        }
                      },
                      "runAfter": {
                        "Start_and_wait_for_an_approval": [
                          "Succeeded"
                        ]
                      },
                      "metadata": {
                        "operationMetadataId": "7822b581-f82e-491e-85ed-9b1ba7790742"
                      }
                    }
                  },
                  "else": {
                    "actions": {
                      "Actualiza_Tabla_Encabezado_Avance_a_Estatus_4": {
                        "type": "OpenApiConnection",
                        "inputs": {
                          "parameters": {
                            "server": "AZ-PSQL-CCVM01, 61433",
                            "database": "EDRSUITE_DB",
                            "table": "[dbo].[t_tbl_EncabezadoAvance]",
                            "id": "@triggerBody()?['Id']",
                            "item/IdEstatusProceso": 4
                          },
                          "host": {
                            "apiId": "/providers/Microsoft.PowerApps/apis/shared_sql",
                            "operationId": "PatchItem_V2",
                            "connectionName": "shared_sql-2"
                          }
                        },
                        "metadata": {
                          "operationMetadataId": "5abde99d-d5a8-4b0e-a51a-fac01e7b368a"
                        }
                      },
                      "Post_message_in_a_chat_or_channel_2": {
                        "type": "OpenApiConnection",
                        "inputs": {
                          "parameters": {
                            "poster": "Flow bot",
                            "location": "Group chat",
                            "body/recipient": "19:ecb524616c984f2b8d3542f39bdc556d@thread.v2",
                            "body/messageBody": "<p class=\"editor-paragraph\">Termina Aprobaciones:</p><br><p class=\"editor-paragraph\">Aprobadores: @{variables('Aprobadores')}</p><br><p class=\"editor-paragraph\">Grupo de Compras:</p>"
                          },
                          "host": {
                            "apiId": "/providers/Microsoft.PowerApps/apis/shared_teams",
                            "operationId": "PostMessageToConversation",
                            "connectionName": "shared_teams"
                          }
                        },
                        "runAfter": {
                          "Envio_de_Correo_a_Proveedor_cuando_es_Aprobado": [
                            "Succeeded"
                          ]
                        },
                        "metadata": {
                          "operationMetadataId": "cac6578f-87e1-4542-9252-cd2465a4e3c0"
                        }
                      },
                      "Obtener_Aprobadores": {
                        "type": "OpenApiConnection",
                        "inputs": {
                          "parameters": {
                            "server": "AZ-PSQL-CCVM01, 61433",
                            "database": "EDRSUITE_DB",
                            "table": "[dbo].[t_tbl_ContratoEncValidador]",
                            "$filter": "IdContratoEncabezado eq @{items('For_each')?['Id']} and Estatus eq 'A'"
                          },
                          "host": {
                            "apiId": "/providers/Microsoft.PowerApps/apis/shared_sql",
                            "operationId": "GetItems_V2",
                            "connectionName": "shared_sql-2"
                          }
                        },
                        "runAfter": {
                          "Actualiza_Tabla_Encabezado_Avance_a_Estatus_4": [
                            "Succeeded"
                          ]
                        },
                        "metadata": {
                          "operationMetadataId": "d96e8964-8531-4559-a744-ffccbd7bdfed"
                        }
                      },
                      "For_each_1-copy": {
                        "type": "Foreach",
                        "foreach": "@outputs('Obtener_Aprobadores')?['body/value']",
                        "actions": {
                          "Concatena_Aprobadores": {
                            "type": "AppendToStringVariable",
                            "inputs": {
                              "name": "Aprobadores",
                              "value": "@concat(items('For_each_1-copy')?['Validador'], '; ')"
                            },
                            "metadata": {
                              "operationMetadataId": "bcda7464-7c7d-4fc5-bee3-4260df7c5cb6"
                            }
                          }
                        },
                        "runAfter": {
                          "Obtener_Aprobadores": [
                            "Succeeded"
                          ]
                        },
                        "metadata": {
                          "operationMetadataId": "f417d187-77f4-4511-9f9d-7f94ba97d477"
                        }
                      },
                      "Enviar_Correo_Aprobado_-_Interno": {
                        "type": "OpenApiConnection",
                        "inputs": {
                          "parameters": {
                            "emailMessage/To": "@variables('Aprobadores')",
                            "emailMessage/Subject": "Solicitud de aprobación del Estimación #@{triggerBody()?['NAvances']} del Contrato : @{triggerBody()?['Contrato']}  fue APROBADO",
                            "emailMessage/Body": "<p class=\"editor-paragraph\">@{outputs('Cuerpo_Correo')}</p><br><br>",
                            "emailMessage/Importance": "Normal"
                          },
                          "host": {
                            "apiId": "/providers/Microsoft.PowerApps/apis/shared_office365",
                            "operationId": "SendEmailV2",
                            "connectionName": "shared_office365"
                          }
                        },
                        "runAfter": {
                          "Cuerpo_Correo": [
                            "Succeeded"
                          ]
                        },
                        "metadata": {
                          "operationMetadataId": "b426ba1f-9903-4937-b284-02682d4df34c"
                        }
                      },
                      "Cuerpo_Correo": {
                        "type": "Compose",
                        "inputs": "<!DOCTYPE html>\n<html lang=\"es\">\n<head>\n  <meta charset=\"UTF-8\">\n  <meta name=\"viewport\" content=\"width=device-width, initial-scale=1.0\">\n  <title>Estimación Aprobada – Lista para Pago</title>\n  <link href=\"https://fonts.googleapis.com/css2?family=Poppins:wght@300;400;500;600&display=swap\" rel=\"stylesheet\">\n    <!-- Colocar el compose entre la etiqueta style -->\n\n  <style>\n\n    body,table,td,p,a,h1 { font-family:'Poppins',Arial,sans-serif; line-height:1.6; color:#374151; }\n    h1 { margin:0;font-size:24px;font-weight:600;letter-spacing:0.5px;color:#ffffff; }\n    p { margin:0 0 16px 0;font-size:14px; }\n    a { color:#2563eb;text-decoration:none;font-weight:500; }\n\n    .card { background:#ffffff;border-radius:12px;box-shadow:0 5px 15px rgba(0,0,0,0.08);overflow:hidden; }\n    .header { background:linear-gradient(135deg,#7b2f3d,#7b2f3d);padding:28px 30px;border-bottom:4px solid #360a12; }\n    .subtitulo { margin-top:8px;font-size:14px;font-weight:300;opacity:0.9;color:#ffffff; }\n\n    .body { padding:32px; }\n\n    .nota { background:#eff6ff;border-left:4px solid #7b2f3d;padding:16px;border-radius:4px;margin-bottom:24px; }\n    .nota p { font-weight:500;color:#7b2f3d;display:flex;align-items:center;margin:0; }\n    .emoji { margin-right:8px;font-size:18px; }\n\n    .nombre { color:#7b2f3d;font-weight:600; }\n  </style>\n</head>\n<body>\n  <table role=\"presentation\" width=\"100%\" cellspacing=\"0\" cellpadding=\"0\">\n    <tr>\n      <td align=\"center\" style=\"padding:40px 0;\">\n\n        <table role=\"presentation\" width=\"640\" cellspacing=\"0\" cellpadding=\"0\" class=\"card\">\n\n          <tr>\n            <td class=\"header\" align=\"center\">\n              <h1>Estimación Aprobada</h1>              \n            </td>\n          </tr>\n\n          <tr>\n            <td class=\"body\">\n\n              <table role=\"presentation\" width=\"100%\" cellspacing=\"0\" cellpadding=\"0\" class=\"content\">\n                <tr><td><p>Estimados,</p></td></tr>\n                <tr>\n                  <td>\n                    <p>La estimación capturada por el proveedor <strong class=\"nombre\">@{outputs('Actualiza_Tabla_Encabezado_Avance_a_Estatus_4')?['body/NombreProveedor']}</strong> fue aprobada.  El pago se realizará de acuerdo con el calendario de pagos definido por el área de Finanzas. Cualquier duda favor de contactar al encargado del contrato\n</p>\n<p/> Saludos.</p>\n<a href=\"http://www.edrsuite.com/AdminAvance?proveedorId=@{triggerBody()?['IdProveedor']}&contrato=@{triggerBody()?['Contrato']}&abrirModal=1&idEncabezadoAvance=@{triggerBody()?['Id']}&rdnt=JA\"> www.edrsuite.com </a>\n\n                  </td>\n                </tr>\n              </table>\n            </td>\n          </tr>          \n        </table>\n      </td>\n    </tr>\n  </table>\n\n      <img \n        src=\"https://logo.stocklight.com/NYSE/EXK.png\" \n        alt=\"Endeavour Silver Logo\"\n        style=\"width: 160px; display: block; margin: 0 auto;\"\n      >\n    \n</body>\n</html>",
                        "runAfter": {
                          "For_each_1-copy": [
                            "Succeeded"
                          ]
                        },
                        "metadata": {
                          "operationMetadataId": "db4a5850-6fd9-4e7f-ada1-04230d6018b5"
                        }
                      },
                      "Cuerpo_Correo_Proveedor": {
                        "type": "Compose",
                        "inputs": "\n<!DOCTYPE html>\n<html lang=\"es\">\n<head>\n  <meta charset=\"UTF-8\">\n  <meta name=\"viewport\" content=\"width=device-width, initial-scale=1.0\">\n  <title>Estimación Aprobada – Lista para Pago</title>\n  <link href=\"https://fonts.googleapis.com/css2?family=Poppins:wght@300;400;500;600&display=swap\" rel=\"stylesheet\">\n    <!-- Colocar el compose entre la etiqueta style -->\n\n  <style>\n\n    body,table,td,p,a,h1 { font-family:'Poppins',Arial,sans-serif; line-height:1.6; color:#374151; }\n    h1 { margin:0;font-size:24px;font-weight:600;letter-spacing:0.5px;color:#ffffff; }\n    p { margin:0 0 16px 0;font-size:14px; }\n    a { color:#2563eb;text-decoration:none;font-weight:500; }\n\n    .card { background:#ffffff;border-radius:12px;box-shadow:0 5px 15px rgba(0,0,0,0.08);overflow:hidden; }\n    .header { background:linear-gradient(135deg,#7b2f3d,#7b2f3d);padding:28px 30px;border-bottom:4px solid #360a12; }\n    .subtitulo { margin-top:8px;font-size:14px;font-weight:300;opacity:0.9;color:#ffffff; }\n\n    .body { padding:32px; }\n\n    .nota { background:#eff6ff;border-left:4px solid #7b2f3d;padding:16px;border-radius:4px;margin-bottom:24px; }\n    .nota p { font-weight:500;color:#7b2f3d;display:flex;align-items:center;margin:0; }\n    .emoji { margin-right:8px;font-size:18px; }\n\n    .nombre { color:#7b2f3d;font-weight:600; }\n  </style>\n</head>\n<body>\n  <table role=\"presentation\" width=\"100%\" cellspacing=\"0\" cellpadding=\"0\">\n    <tr>\n      <td align=\"center\" style=\"padding:40px 0;\">\n\n        <table role=\"presentation\" width=\"640\" cellspacing=\"0\" cellpadding=\"0\" class=\"card\">\n\n          <tr>\n            <td class=\"header\" align=\"center\">\n              <h1>Estimación Aprobada</h1>              \n            </td>\n          </tr>\n\n          <tr>\n            <td class=\"body\">\n\n              <table role=\"presentation\" width=\"100%\" cellspacing=\"0\" cellpadding=\"0\" class=\"content\">\n                <tr><td><p>Estimados,</p></td></tr>\n                <tr>\n                  <td>\n                    <p>Estimado/a <strong class=\"nombre\">@{outputs('Actualiza_Tabla_Encabezado_Avance_a_Estatus_4')?['body/NombreProveedor']}</strong> </p>\n\n<p>Le informamos que su estimación fue aprobada. Cualquier duda favor de contactar al encargado de su contrato.\n</p>\n<p>Saludos.<p/>\n<br/> \n<a href=\"http://www.edrsuite.com\"> www.edrsuite.com </a>\n                  </td>\n                </tr>\n              </table>\n            </td>\n          </tr>          \n        </table>\n      </td>\n    </tr>\n  </table>\n\n      <img \n        src=\"https://logo.stocklight.com/NYSE/EXK.png\" \n        alt=\"Endeavour Silver Logo\"\n        style=\"width: 160px; display: block; margin: 0 auto;\"\n      >\n    \n</body>\n</html>\n",
                        "runAfter": {
                          "Enviar_Correo_Aprobado_-_Interno": [
                            "Succeeded"
                          ]
                        },
                        "metadata": {
                          "operationMetadataId": "d1747a55-6997-47ae-9add-4efde9b20994"
                        }
                      },
                      "Envio_de_Correo_a_Proveedor_cuando_es_Aprobado": {
                        "type": "OpenApiConnection",
                        "inputs": {
                          "parameters": {
                            "emailMessage/To": "@triggerBody()?['Crt_User']",
                            "emailMessage/Subject": "Solicitud de aprobación del Estimación #@{triggerBody()?['NAvances']} del Contrato : @{triggerBody()?['Contrato']} fue APROBADO",
                            "emailMessage/Body": "<p class=\"editor-paragraph\">@{outputs('Cuerpo_Correo_Proveedor')}</p><br><br>",
                            "emailMessage/Importance": "Normal"
                          },
                          "host": {
                            "apiId": "/providers/Microsoft.PowerApps/apis/shared_office365",
                            "operationId": "SendEmailV2",
                            "connectionName": "shared_office365"
                          }
                        },
                        "runAfter": {
                          "Cuerpo_Correo_Proveedor": [
                            "Succeeded"
                          ]
                        },
                        "metadata": {
                          "operationMetadataId": "afa13df2-8fa3-44da-9ff7-0812e93411c1"
                        }
                      },
                      "Run_a_flow_built_with_Power_Automate_for_desktop": {
                        "type": "OpenApiConnection",
                        "inputs": {
                          "parameters": {
                            "uiFlowId": "ff5838ec-9231-4639-89d4-eafe0e61fca1",
                            "runMode": "unattended",
                            "item/Contrato": "@triggerBody()?['Contrato']",
                            "item/IdProveedor": "@triggerBody()?['IdProveedor']",
                            "item/NAvance": "@triggerBody()?['NAvances']"
                          },
                          "host": {
                            "apiId": "/providers/Microsoft.PowerApps/apis/shared_uiflow",
                            "operationId": "RunUIFlow_V2",
                            "connectionName": "shared_uiflow"
                          }
                        },
                        "runAfter": {
                          "Post_message_in_a_chat_or_channel_2": [
                            "Succeeded"
                          ]
                        },
                        "metadata": {
                          "operationMetadataId": "715b3e34-6744-4377-b7a8-d8220bfbb113"
                        }
                      }
                    }
                  },
                  "runAfter": {
                    "Get_rows_(V2)_1": [
                      "Succeeded"
                    ]
                  },
                  "metadata": {
                    "operationMetadataId": "6372d579-d6e4-4c81-a6e0-97133783f723"
                  }
                }
              },
              "runAfter": {
                "Obtener_el_Emcabezado_de_Contrato": [
                  "Succeeded"
                ]
              },
              "metadata": {
                "operationMetadataId": "82e97885-1b24-4d63-8e39-a385bd327c24"
              }
            }
          },
          "else": {
            "actions": {
              "Terminate": {
                "type": "Terminate",
                "inputs": {
                  "runStatus": "Succeeded"
                },
                "metadata": {
                  "operationMetadataId": "36bf533e-9514-4882-97ee-6dee87666394"
                }
              }
            }
          },
          "runAfter": {
            "Post_message_in_a_chat_or_channel": [
              "Succeeded"
            ]
          },
          "metadata": {
            "operationMetadataId": "fafecc4e-4049-4916-87f4-69e0e0b068cf"
          }
        },
        "Aprobadores": {
          "type": "InitializeVariable",
          "inputs": {
            "variables": [
              {
                "name": "Aprobadores",
                "type": "string"
              }
            ]
          },
          "runAfter": {
            "Initialize_variable": [
              "Succeeded"
            ]
          },
          "metadata": {
            "operationMetadataId": "d14740c9-e00e-490a-a477-ea7d08e6f768"
          }
        },
        "Initialize_variable_Fase": {
          "type": "InitializeVariable",
          "inputs": {
            "variables": [
              {
                "name": "Fase",
                "type": "integer",
                "value": "@triggerBody()?['NFase']"
              }
            ]
          },
          "runAfter": {
            "Aprobadores": [
              "Succeeded"
            ]
          },
          "metadata": {
            "operationMetadataId": "44f01466-b05e-4c4e-aac0-13af711238d0"
          }
        },
        "Post_message_in_a_chat_or_channel": {
          "type": "OpenApiConnection",
          "inputs": {
            "parameters": {
              "poster": "Flow bot",
              "location": "Group chat",
              "body/recipient": "19:ecb524616c984f2b8d3542f39bdc556d@thread.v2",
              "body/messageBody": "<p class=\"editor-paragraph\">✅<b><strong class=\"editor-text-bold\">Proceso de Validación de Contrato</strong></b><br>📄 <b><strong class=\"editor-text-bold\">Contrato</strong></b>:     @{triggerBody()?['Contrato']}<br>🏢 <b><strong class=\"editor-text-bold\">Proveedor</strong></b>:   @{triggerBody()?['IdProveedor']}<br>📊 <b><strong class=\"editor-text-bold\">Estatus del Proceso</strong></b>: @{triggerBody()?['IdEstatusProceso']}  -  <b><strong class=\"editor-text-bold\">Fase Actual</strong></b>: @{triggerBody()?['NFase']}</p><br>"
            },
            "host": {
              "apiId": "/providers/Microsoft.PowerApps/apis/shared_teams",
              "operationId": "PostMessageToConversation",
              "connectionName": "shared_teams"
            }
          },
          "runAfter": {
            "Initialize_variable_Fase": [
              "Succeeded"
            ]
          },
          "metadata": {
            "operationMetadataId": "a77864e3-817e-4b51-90cd-986293a7e16e"
          }
        },
        "Initialize_variable": {
          "type": "InitializeVariable",
          "inputs": {
            "variables": [
              {
                "name": "ValidaAprobador",
                "type": "boolean",
                "value": true
              }
            ]
          },
          "runAfter": {},
          "metadata": {
            "operationMetadataId": "65f426ee-19de-4570-8d72-6644cc2cd8a1"
          }
        }
      },
      "outputs": {}
    },
    "templateName": null
  },
  "schemaVersion": "1.0.0.0"
}