{
  "properties": {
    "connectionReferences": {
      "shared_uiflow_1": {
        "api": {
          "name": "shared_uiflow"
        },
        "connection": {
          "connectionReferenceLogicalName": "crfc1_shareduiflow_e6778"
        },
        "runtimeSource": "embedded"
      },
      "shared_uiflow-1": {
        "api": {
          "name": "shared_uiflow"
        },
        "connection": {
          "connectionReferenceLogicalName": "crfc1_shareduiflow_19971"
        },
        "runtimeSource": "embedded"
      }
    },
    "definition": {
      "$schema": "https://schema.management.azure.com/providers/Microsoft.Logic/schemas/2016-06-01/workflowdefinition.json#",
      "contentVersion": "1.0.0.0",
      "parameters": {
        "$authentication": {
          "defaultValue": {},
          "type": "SecureObject"
        },
        "$connections": {
          "defaultValue": {},
          "type": "Object"
        }
      },
      "triggers": {
        "Recurrence": {
          "type": "Recurrence",
          "recurrence": {
            "frequency": "Day",
            "interval": 1,
            "startTime": "2025-07-29T04:30:00Z"
          },
          "metadata": {
            "operationMetadataId": "eaf42bdb-f63c-413f-a1ed-7bdbf650e2fe"
          }
        }
      },
      "actions": {
        "Textos_Largos": {
          "type": "OpenApiConnection",
          "inputs": {
            "parameters": {
              "uiFlowId": "2d7e50bc-d7a0-4ece-ba8a-d0c4de1793af",
              "runMode": "unattended"
            },
            "host": {
              "apiId": "/providers/Microsoft.PowerApps/apis/shared_uiflow",
              "operationId": "RunUIFlow_V2",
              "connectionName": "shared_uiflow_1"
            }
          },
          "runAfter": {
            "Initialize_variable": [
              "Succeeded"
            ]
          },
          "limit": {
            "timeout": "PT10M"
          },
          "metadata": {
            "operationMetadataId": "d1ccfbf8-980b-4f9f-a507-0a96072006fb"
          }
        },
        "Run_a_flow_built_with_Power_Automate_for_desktop_2": {
          "type": "OpenApiConnection",
          "inputs": {
            "parameters": {
              "uiFlowId": "a8f743ef-9efc-4895-8ea1-814165c99183",
              "runMode": "attended"
            },
            "host": {
              "apiId": "/providers/Microsoft.PowerApps/apis/shared_uiflow",
              "operationId": "RunUIFlow_V2",
              "connectionName": "shared_uiflow_1"
            }
          },
          "runAfter": {
            "Textos_Largos": [
              "TimedOut"
            ]
          },
          "metadata": {
            "operationMetadataId": "daec5da4-ade7-477e-812c-a745e2ffe1d8"
          }
        },
        "Terminate": {
          "type": "Terminate",
          "inputs": {
            "runStatus": "Failed"
          },
          "runAfter": {
            "Run_a_flow_built_with_Power_Automate_for_desktop_2": [
              "Succeeded"
            ]
          },
          "metadata": {
            "operationMetadataId": "a1a10df4-7abd-4972-adeb-c6a1564fd8ac"
          }
        },
        "Contratos_de_SAP_-_SQL": {
          "type": "OpenApiConnection",
          "inputs": {
            "parameters": {
              "uiFlowId": "6e128fac-1743-4b4c-bf7f-284f83709bd5",
              "runMode": "unattended",
              "item/Vacio": "@variables('Vacio')"
            },
            "host": {
              "apiId": "/providers/Microsoft.PowerApps/apis/shared_uiflow",
              "operationId": "RunUIFlow_V2",
              "connectionName": "shared_uiflow-1"
            }
          },
          "runAfter": {
            "Delay": [
              "Succeeded"
            ]
          },
          "limit": {
            "timeout": "PT10M"
          }
        },
        "Initialize_variable": {
          "type": "InitializeVariable",
          "inputs": {
            "variables": [
              {
                "name": "Vacio",
                "type": "string"
              }
            ]
          },
          "runAfter": {}
        },
        "Run_a_flow_built_with_Power_Automate_for_desktop_2_1": {
          "type": "OpenApiConnection",
          "inputs": {
            "parameters": {
              "uiFlowId": "a8f743ef-9efc-4895-8ea1-814165c99183",
              "runMode": "attended"
            },
            "host": {
              "apiId": "/providers/Microsoft.PowerApps/apis/shared_uiflow",
              "operationId": "RunUIFlow_V2",
              "connectionName": "shared_uiflow_1"
            }
          },
          "runAfter": {
            "Contratos_de_SAP_-_SQL": [
              "TimedOut"
            ]
          },
          "metadata": {
            "operationMetadataId": "daec5da4-ade7-477e-812c-a745e2ffe1d8"
          }
        },
        "Terminate_1": {
          "type": "Terminate",
          "inputs": {
            "runStatus": "Failed"
          },
          "runAfter": {
            "Run_a_flow_built_with_Power_Automate_for_desktop_2_1": [
              "Succeeded"
            ]
          }
        },
        "Delay": {
          "type": "Wait",
          "inputs": {
            "interval": {
              "count": 3,
              "unit": "Minute"
            }
          },
          "runAfter": {
            "Textos_Largos": [
              "Succeeded"
            ]
          }
        }
      }
    },
    "templateName": null
  },
  "schemaVersion": "1.0.0.0"
}