<desktopflowbinary desktopflowbinaryid="63267a9f-0f41-4248-9eb4-ef71093269e0">
  <data mimetype="application/json">DependenciesFile_efbd51cb-b7b5-497c-b8bd-07655df67bfd.json</data>
  <iscustomizable>1</iscustomizable>
  <metadata>{}</metadata>
  <mimetype>application/json</mimetype>
  <name>Desktop flow dependencies file</name>
  <process>
    <workflowid>ff5838ec-9231-4639-89d4-eafe0e61fca1</workflowid>
  </process>
  <reference>flow.dependencies</reference>
  <statecode>0</statecode>
  <statuscode>1</statuscode>
  <type>DependenciesFile</type>
</desktopflowbinary>