<desktopflowbinary desktopflowbinaryid="06fe15ff-cd52-456b-9993-47680adc2381">
  <data mimetype="application/json">ManifestFile_06fe15ff-cd52-456b-9993-47680adc2381.json</data>
  <iscustomizable>1</iscustomizable>
  <metadata>{}</metadata>
  <mimetype>application/json</mimetype>
  <name>Desktop flow manifest file</name>
  <process>
    <workflowid>a8f743ef-9efc-4895-8ea1-814165c99183</workflowid>
  </process>
  <reference>flow.manifest</reference>
  <statecode>0</statecode>
  <statuscode>1</statuscode>
  <type>ManifestFile</type>
</desktopflowbinary>