<desktopflowbinary desktopflowbinaryid="ac77a2a2-083d-45d7-9ebc-22b28fc8d93f">
  <data mimetype="application/json">ImageRepository_2ecf8edd-47b0-452b-85a8-4d2d057a32bf.json</data>
  <iscustomizable>1</iscustomizable>
  <metadata>{}</metadata>
  <mimetype>application/json</mimetype>
  <name>Desktop flow images</name>
  <process>
    <workflowid>6e128fac-1743-4b4c-bf7f-284f83709bd5</workflowid>
  </process>
  <reference>imageRepo.imgrepo</reference>
  <statecode>0</statecode>
  <statuscode>1</statuscode>
  <type>ImageRepository</type>
</desktopflowbinary>