<desktopflowbinary desktopflowbinaryid="88ae9568-f6f8-473b-abbe-3b86200bb2b5">
  <data mimetype="application/json">ImageRepository_7104912a-8865-4510-9791-f760c2e26b8e.json</data>
  <iscustomizable>1</iscustomizable>
  <metadata>{}</metadata>
  <mimetype>application/json</mimetype>
  <name>Desktop flow images</name>
  <process>
    <workflowid>ff5838ec-9231-4639-89d4-eafe0e61fca1</workflowid>
  </process>
  <reference>imageRepo.imgrepo</reference>
  <statecode>0</statecode>
  <statuscode>1</statuscode>
  <type>ImageRepository</type>
</desktopflowbinary>